文件更新,2014-02-24 01:13:46,x,x
證期會代碼,公司簡稱,分類代碼,分類名稱
006201,寶富櫃,EE,上櫃指數股票型基金(ETF)
1256,F-鮮活,02,食品工業
1258,F-其祥,02,食品工業
1259,安心,16,觀光事業
1333,恩得利,28,電子零組件業
1336,台翰,28,電子零組件業
1558,伸興,05,電機機械
1565,精華,22,生技醫療業
1566,捷邦,05,電機機械
1569,濱川,25,電腦及週邊設備業
1570,力肯,05,電機機械
1580,新麥,05,電機機械
1584,精剛,20,其他
1586,和勤,05,電機機械
1591,F-駿吉,05,電機機械
1593,祺驊,22,生技醫療業
1595,川寶,28,電子零組件業
1597,直得,05,電機機械
1599,宏佳騰,05,電機機械
1742,台蠟,21,化學工業
1752,南光,22,生技醫療業
1777,生泰,22,生技醫療業
1781,合世,22,生技醫療業
1784,訊聯,22,生技醫療業
1785,光洋科,31,其他電子業
1787,福盈科,21,化學工業
1788,杏昌,22,生技醫療業
1795,美時,22,生技醫療業
1799,紅電醫,22,生技醫療業
1813,寶利徠,22,生技醫療業
1815,富喬,28,電子零組件業
2035,唐榮,10,鋼鐵工業
2061,風青,06,電器電纜
2063,世鎧,10,鋼鐵工業
2066,世德,05,電機機械
2221,大甲,20,其他
2230,泰茂,05,電機機械
2233,宇隆,05,電機機械
2596,綠意,14,建材營造
2636,台驊,15,航運業
2640,大車隊,20,其他
2718,桃園店,16,觀光事業
2719,燦星旅,16,觀光事業
2724,F-富驛,16,觀光事業
2729,瓦城,16,觀光事業
2734,易飛網,16,觀光事業
2916,滿心,18,貿易百貨
2924,F-東凌,18,貿易百貨
2926,誠品生,32,文化創意業
3064,泰偉,32,文化創意業
3066,李洲,26,光電業
3067,全域,31,其他電子業
3068,美磊,27,通信網路業
3071,協禧,25,電腦及週邊設備業
3073,普格,24,半導體業
3078,僑威,28,電子零組件業
3083,網龍,32,文化創意業
3085,久大,30,資訊服務業
3086,華義,32,文化創意業
3088,艾訊,25,電腦及週邊設備業
3089,展成,28,電子零組件業
3092,鴻碩,28,電子零組件業
3093,港建,31,其他電子業
3095,及成,27,通信網路業
3105,穩懋,24,半導體業
3114,好德,28,電子零組件業
3115,寶島極,28,電子零組件業
3118,進階,22,生技醫療業
3126,信億,25,電腦及週邊設備業
3128,昇銳,26,光電業
3131,弘塑,31,其他電子業
3144,新揚科,28,電子零組件業
3152,璟德,27,通信網路業
3162,精確,05,電機機械
3163,波若威,27,通信網路業
3169,亞信,24,半導體業
3171,新洲,25,電腦及週邊設備業
3176,基亞,22,生技醫療業
3188,安茂,24,半導體業
3191,和進,28,電子零組件業
3202,樺晟,28,電子零組件業
3205,佰研,22,生技醫療業
3206,志豐,28,電子零組件業
3207,耀勝,28,電子零組件業
3211,順達,25,電腦及週邊設備業
3213,茂訊,25,電腦及週邊設備業
3217,優群,28,電子零組件業
3218,大學光,22,生技醫療業
3219,倚強,24,半導體業
3221,台嘉碩,27,通信網路業
3224,三顧,29,電子通路業
3226,至寶電,28,電子零組件業
3227,原相,24,半導體業
3228,金麗科,24,半導體業
3230,錦明,26,光電業
3232,昱捷,29,電子通路業
3234,光環,27,通信網路業
3236,千如,28,電子零組件業
3252,海灣,24,半導體業
3259,鑫創,24,半導體業
3260,威剛,24,半導體業
3264,欣銓,24,半導體業
3265,台星科,24,半導體業
3266,昇陽,14,建材營造
3268,海德威,24,半導體業
3276,宇環,28,電子零組件業
3284,太普高,20,其他
3285,微端,31,其他電子業
3287,廣寰科,25,電腦及週邊設備業
3288,點晶,28,電子零組件業
3289,宜特,31,其他電子業
3290,東浦,27,通信網路業
3291,遠翔科,24,半導體業
3293,鈊象,32,文化創意業
3294,英濟,28,電子零組件業
3297,杭特,26,光電業
3299,帛漢,28,電子零組件業
3303,岱稜,31,其他電子業
3306,鼎天,27,通信網路業
3310,佳穎,28,電子零組件業
3313,斐成,28,電子零組件業
3317,尼克森,24,半導體業
3322,建舜電,28,電子零組件業
3323,加百裕,25,電腦及週邊設備業
3324,雙鴻,31,其他電子業
3325,旭品,25,電腦及週邊設備業
3332,幸康,28,電子零組件業
3339,泰谷,26,光電業
3354,律勝,28,電子零組件業
3360,尚立,29,電子通路業
3362,先進光,26,光電業
3363,上詮,27,通信網路業
3372,典範,24,半導體業
3373,熱映,31,其他電子業
3379,彬台,05,電機機械
3388,崇越電,28,電子零組件業
3390,旭軟,28,電子零組件業
3402,漢科,31,其他電子業
3416,融程電,25,電腦及週邊設備業
3428,光燿科,26,光電業
3431,長天,27,通信網路業
3434,哲固,26,光電業
3438,類比科,24,半導體業
3441,聯一光,26,光電業
3444,利機,29,電子通路業
3452,益通,26,光電業
3455,由田,26,光電業
3465,祥業,28,電子零組件業
3466,致振,27,通信網路業
3479,安勤,25,電腦及週邊設備業
3483,力致,25,電腦及週邊設備業
3484,崧騰,28,電子零組件業
3489,森寶,25,電腦及週邊設備業
3490,單井,26,光電業
3491,昇達科,27,通信網路業
3498,陽程,31,其他電子業
3499,環天科,27,通信網路業
3508,位速,31,其他電子業
3511,矽瑪,28,電子零組件業
3512,能緹,28,電子零組件業
3516,亞帝歐,26,光電業
3520,振維,28,電子零組件業
3521,鴻翊,25,電腦及週邊設備業
3522,宏森,26,光電業
3523,迎輝,26,光電業
3526,凡甲,28,電子零組件業
3527,聚積,24,半導體業
3528,安馳,29,電子通路業
3529,力旺,24,半導體業
3531,先益,26,光電業
3537,堡達,28,電子零組件業
3540,曜越,25,電腦及週邊設備業
3541,西柏,31,其他電子業
3546,宇峻,32,文化創意業
3548,兆利,28,電子零組件業
3551,世禾,31,其他電子業
3552,同致,31,其他電子業
3553,力積,24,半導體業
3555,擎泰,24,半導體業
3556,禾瑞亞,24,半導體業
3558,神準,27,通信網路業
3562,頂晶科,26,光電業
3563,牧德,31,其他電子業
3564,其陽,27,通信網路業
3567,逸昌,24,半導體業
3570,大塚,30,資訊服務業
3577,泓格,25,電腦及週邊設備業
3580,友威科,31,其他電子業
3582,凌耀,24,半導體業
3587,閎康,31,其他電子業
3594,磐儀,25,電腦及週邊設備業
3609,東林,28,電子零組件業
3611,鼎翰,25,電腦及週邊設備業
3615,安可,26,光電業
3623,富晶通,26,光電業
3624,光頡,28,電子零組件業
3625,西勝,25,電腦及週邊設備業
3628,盈正,31,其他電子業
3629,卓韋,26,光電業
3630,新鉅科,26,光電業
3631,晟楠,28,電子零組件業
3632,研勤,27,通信網路業
3642,駿熠電,31,其他電子業
3646,艾恩特,28,電子零組件業
3652,精聯,25,電腦及週邊設備業
3658,漢微科,24,半導體業
3662,樂陞,32,文化創意業
3663,鑫科,31,其他電子業
3664,F-安瑞,27,通信網路業
3675,德微,24,半導體業
3680,家登,24,半導體業
3685,政翔,26,光電業
3687,歐買尬,32,文化創意業
3689,湧德,28,電子零組件業
3691,碩禾,26,光電業
3693,營邦,25,電腦及週邊設備業
4102,永日,22,生技醫療業
4103,百略,22,生技醫療業
4105,東洋,22,生技醫療業
4107,邦特,22,生技醫療業
4109,穆拉德,22,生技醫療業
4111,濟生,22,生技醫療業
4113,聯上,14,建材營造
4114,健喬,22,生技醫療業
4120,友華,22,生技醫療業
4121,優盛,22,生技醫療業
4123,晟德,22,生技醫療業
4126,太醫,22,生技醫療業
4127,天良,22,生技醫療業
4128,中天,22,生技醫療業
4129,聯合,22,生技醫療業
4130,健亞,22,生技醫療業
4131,晶宇,22,生技醫療業
4138,曜亞,22,生技醫療業
4139,F-馬光,22,生技醫療業
4152,台微體,22,生技醫療業
4153,鈺緯,22,生技醫療業
4154,F-康樂,22,生技醫療業
4157,F*太景,22,生技醫療業
4160,創源,22,生技醫療業
4161,聿新科,22,生技醫療業
4162,智擎,22,生技醫療業
4163,鐿鈦,22,生技醫療業
4168,醣聯,22,生技醫療業
4173,久裕,22,生技醫療業
4180,安成藥,22,生技醫療業
4205,中華食,02,食品工業
4207,環泰,02,食品工業
4303,信立,03,塑膠工業
4304,勝昱,03,塑膠工業
4305,世坤,03,塑膠工業
4401,東隆興,04,紡織纖維
4402,福大,04,紡織纖維
4406,新昕纖,04,紡織纖維
4413,飛寶,04,紡織纖維
4416,三圓,14,建材營造
4417,金洲,04,紡織纖維
4419,松懋,04,紡織纖維
4420,光明,04,紡織纖維
4429,聚紡,04,紡織纖維
4430,耀億,20,其他
4432,銘旺實,04,紡織纖維
4502,源恆,05,電機機械
4503,金雨,05,電機機械
4506,崇友,05,電機機械
4510,高鋒,05,電機機械
4513,福裕,05,電機機械
4523,永彰,05,電機機械
4527,方土霖,05,電機機械
4528,江興鍛,05,電機機械
4529,昶洧,05,電機機械
4530,宏易,05,電機機械
4533,協易機,05,電機機械
4534,慶騰,05,電機機械
4535,至興,05,電機機械
4609,唐鋒,06,電器電纜
4702,中美實,21,化學工業
4703,揚華,21,化學工業
4706,大恭,21,化學工業
4707,磐亞,21,化學工業
4711,永純,21,化學工業
4712,南璋,02,食品工業
4714,永捷,21,化學工業
4716,大立,21,化學工業
4720,德淵,21,化學工業
4721,美琪瑪,21,化學工業
4726,永昕,22,生技醫療業
4728,雙美,22,生技醫療業
4729,熒茂,26,光電業
4735,豪展,22,生技醫療業
4736,泰博,22,生技醫療業
4739,康普,21,化學工業
4743,合一,22,生技醫療業
4745,F-合富,22,生技醫療業
4747,強生,22,生技醫療業
4903,聯光通,27,通信網路業
4905,台聯電,27,通信網路業
4907,富宇,14,建材營造
4908,前鼎,27,通信網路業
4909,新復興,27,通信網路業
4911,德英,22,生技醫療業
4912,F-聯德,28,電子零組件業
4924,F-欣厚,25,電腦及週邊設備業
4927,F-泰鼎,28,電子零組件業
4933,友輝,26,光電業
4939,亞電,28,電子零組件業
4944,兆遠,26,光電業
4946,辣椒,32,文化創意業
4947,F-昂寶,24,半導體業
4950,牧東,26,光電業
4953,緯軟,30,資訊服務業
4965,商店街,30,資訊服務業
4966,F-譜瑞,24,半導體業
4971,F-IET,24,半導體業
4972,湯石,26,光電業
4973,廣穎,24,半導體業
4974,亞泰,28,電子零組件業
4979,華星光,27,通信網路業
4987,科誠,25,電腦及週邊設備業
4995,晶達,26,光電業
5009,榮剛,10,鋼鐵工業
5011,久陽,10,鋼鐵工業
5013,強新,10,鋼鐵工業
5014,建錩,10,鋼鐵工業
5015,華祺,10,鋼鐵工業
5016,松和,10,鋼鐵工業
5102,富強,11,橡膠工業
5201,凱衛,30,資訊服務業
5202,力新,30,資訊服務業
5206,坤悅,14,建材營造
5209,新鼎,30,資訊服務業
5210,寶碩,30,資訊服務業
5211,蒙恬,30,資訊服務業
5212,凌網,30,資訊服務業
5213,亞昕,14,建材營造
5227,F-立凱,28,電子零組件業
5230,雷笛克,26,光電業
5251,天鉞電,26,光電業
5261,創傑,24,半導體業
5263,智崴,30,資訊服務業
5266,F*AS,30,資訊服務業
5272,笙科,24,半導體業
5274,信驊,24,半導體業
5278,尚凡,32,文化創意業
5287,數字,30,資訊服務業
5289,宜鼎,25,電腦及週邊設備業
5301,寶得利,18,貿易百貨
5302,太欣,24,半導體業
5304,鼎創達,20,其他
5306,桂盟,20,其他
5309,系統電,28,電子零組件業
5310,天剛,30,資訊服務業
5312,寶島科,20,其他
5314,世紀,24,半導體業
5315,光聯,26,光電業
5317,凱美,28,電子零組件業
5321,友銓,28,電子零組件業
5324,士開,14,建材營造
5326,漢磊,24,半導體業
5328,華容,28,電子零組件業
5340,建榮,28,電子零組件業
5344,立衛,24,半導體業
5345,天揚,28,電子零組件業
5347,世界,24,半導體業
5348,系通,27,通信網路業
5349,先豐,28,電子零組件業
5351,鈺創,24,半導體業
5353,台林,27,通信網路業
5355,佳總,28,電子零組件業
5356,協益,25,電腦及週邊設備業
5364,易福,80,管理股票
5371,中光電,25,電腦及週邊設備業
5381,合正,28,電子零組件業
5383,金利,31,其他電子業
5384,捷元,25,電腦及週邊設備業
5386,青雲,25,電腦及週邊設備業
5392,應華,26,光電業
5395,圓方,26,光電業
5398,力瑋,28,電子零組件業
5403,中菲,30,資訊服務業
5410,國眾,30,資訊服務業
5425,台半,24,半導體業
5426,振發,25,電腦及週邊設備業
5432,達威,26,光電業
5438,東友,25,電腦及週邊設備業
5439,高技,28,電子零組件業
5443,均豪,26,光電業
5450,寶聯通,25,電腦及週邊設備業
5452,佶優,31,其他電子業
5455,訊利電,24,半導體業
5457,宣德,28,電子零組件業
5460,同協,28,電子零組件業
5464,霖宏,28,電子零組件業
5465,富驊,25,電腦及週邊設備業
5466,泰林,24,半導體業
5468,凱鈺,24,半導體業
5474,聰泰,25,電腦及週邊設備業
5475,德宏,28,電子零組件業
5478,智冠,32,文化創意業
5480,統盟,28,電子零組件業
5481,華韡,28,電子零組件業
5483,中美晶,24,半導體業
5487,通泰,24,半導體業
5488,松普,28,電子零組件業
5489,彩富,31,其他電子業
5490,同亨,25,電腦及週邊設備業
5491,連展,28,電子零組件業
5493,三聯,31,其他電子業
5498,凱崴,28,電子零組件業
5505,和旺,14,建材營造
5506,長鴻,14,建材營造
5508,永信建,14,建材營造
5511,德昌,14,建材營造
5512,力麒,14,建材營造
5514,三豐,14,建材營造
5516,雙喜,14,建材營造
5520,力泰,14,建材營造
5523,宏都,14,建材營造
5529,志嘉,14,建材營造
5530,龍巖,20,其他
5536,聖暉,31,其他電子業
5601,台聯櫃,15,航運業
5603,陸海,15,航運業
5604,中連貨,15,航運業
5609,中菲行,15,航運業
5701,劍湖山,16,觀光事業
5703,亞都,16,觀光事業
5704,老爺知,16,觀光事業
5820,日盛金,17,金融保險
5902,德記,18,貿易百貨
5903,全家,18,貿易百貨
5904,寶雅,18,貿易百貨
5905,南仁湖,18,貿易百貨
6015,宏遠證,17,金融保險
6016,康和證,17,金融保險
6020,大展證,17,金融保險
6021,大慶證,17,金融保險
6022,大眾證,17,金融保險
6023,元大期,17,金融保險
6024,群益期,17,金融保險
6101,弘捷,28,電子零組件業
6103,合邦,24,半導體業
6104,創惟,24,半導體業
6105,瑞傳,25,電腦及週邊設備業
6107,華美,28,電子零組件業
6109,亞元,27,通信網路業
6111,大宇資,32,文化創意業
6113,亞矽,29,電子通路業
6114,翔昇,28,電子零組件業
6118,建達,29,電子通路業
6121,新普,25,電腦及週邊設備業
6122,擎邦,05,電機機械
6123,上奇,25,電腦及週邊設備業
6124,業強,28,電子零組件業
6125,廣運,26,光電業
6126,信音,28,電子零組件業
6127,九豪,28,電子零組件業
6129,普誠,24,半導體業
6130,基因,22,生技醫療業
6134,萬旭,28,電子零組件業
6135,佳營,29,電子通路業
6138,茂達,24,半導體業
6140,訊達,30,資訊服務業
6143,振曜,27,通信網路業
6144,得利影,32,文化創意業
6146,耕興,31,其他電子業
6147,頎邦,24,半導體業
6148,驊宏資,30,資訊服務業
6150,撼訊,25,電腦及週邊設備業
6151,晉倫,31,其他電子業
6154,順發,29,電子通路業
6156,松上,26,光電業
6158,禾昌,28,電子零組件業
6160,欣技,25,電腦及週邊設備業
6161,捷波,25,電腦及週邊設備業
6163,華電網,27,通信網路業
6167,久正,26,光電業
6169,昱泉,32,文化創意業
6170,統振,27,通信網路業
6171,亞銳士,29,電子通路業
6173,信昌電,28,電子零組件業
6174,安碁,28,電子零組件業
6175,立敦,28,電子零組件業
6180,橘子,32,文化創意業
6182,合晶,24,半導體業
6185,幃翔,28,電子零組件業
6186,新潤,14,建材營造
6187,萬潤,31,其他電子業
6188,廣明,25,電腦及週邊設備業
6190,萬泰科,27,通信網路業
6194,育富,28,電子零組件業
6195,詩肯,18,貿易百貨
6198,凌泰,24,半導體業
6203,海韻電,28,電子零組件業
6204,艾華,28,電子零組件業
6207,雷科,28,電子零組件業
6208,日揚,28,電子零組件業
6210,慶生,28,電子零組件業
6211,福登,28,電子零組件業
6212,理銘,14,建材營造
6217,中探針,28,電子零組件業
6218,豪勉,27,通信網路業
6219,富旺,14,建材營造
6220,岳豐,28,電子零組件業
6221,晉泰,30,資訊服務業
6222,上揚,25,電腦及週邊設備業
6223,旺矽,24,半導體業
6227,茂綸,29,電子通路業
6228,全譜,25,電腦及週邊設備業
6229,研通,24,半導體業
6231,系微,30,資訊服務業
6233,旺玖,24,半導體業
6234,高僑,26,光電業
6236,凌越,24,半導體業
6237,驊訊,24,半導體業
6238,勝麗,31,其他電子業
6240,松崗,30,資訊服務業
6241,易通展,27,通信網路業
6242,亨豐,28,電子零組件業
6244,茂迪,26,光電業
6245,立端,27,通信網路業
6246,臺龍,26,光電業
6247,淇譽電,31,其他電子業
6248,沛波,28,電子零組件業
6250,宇加,28,電子零組件業
6259,百徽,28,電子零組件業
6261,久元,24,半導體業
6263,普萊德,27,通信網路業
6264,德士通,14,建材營造
6265,方土昶,29,電子通路業
6266,泰詠,28,電子零組件業
6270,倍微,29,電子通路業
6274,台燿,28,電子零組件業
6275,元山,31,其他電子業
6276,安鈦克,25,電腦及週邊設備業
6279,胡連,28,電子零組件業
6284,佳邦,28,電子零組件業
6287,元隆,24,半導體業
6290,良維,28,電子零組件業
6291,沛亨,24,半導體業
6292,迅德,28,電子零組件業
6294,智基,20,其他
6298,崴強,25,電腦及週邊設備業
6506,雙邦,21,化學工業
6508,惠光,03,塑膠工業
6509,聚和,21,化學工業
6603,富強鑫,05,電機機械
6609,瀧澤科,05,電機機械
6803,崑鼎,20,其他
707559,中信U8,WW,認購售權證
707568,中信U9,WW,認購售權證
707825,國泰P6,WW,認購售權證
708341,日盛WK,WW,認購售權證
70839P,國泰PG,WW,認購售權證
708507,中信Y4,WW,認購售權證
708508,中信Y5,WW,認購售權證
708573,中信Y6,WW,認購售權證
708574,中信Y7,WW,認購售權證
708590,中信Z1,WW,認購售權證
708603,元大R7,WW,認購售權證
708630,國泰Y7,WW,認購售權證
708639,元大S3,WW,認購售權證
70874P,富邦WA,WW,認購售權證
708758,國泰Z6,WW,認購售權證
708777,國泰Z9,WW,認購售權證
708780,凱基QD,WW,認購售權證
708782,元大U9,WW,認購售權證
70878P,富邦WB,WW,認購售權證
708797,RA群益,WW,認購售權證
708810,中信Z8,WW,認購售權證
708817,元大V9,WW,認購售權證
70881P,元富Z5,WW,認購售權證
708833,國泰PB,WW,認購售權證
708842,康和WP,WW,認購售權證
708857,元大W3,WW,認購售權證
708876,國泰PF,WW,認購售權證
708898,國泰PH,WW,認購售權證
708902,凱基QQ,WW,認購售權證
708910,富邦VP,WW,認購售權證
708926,RR群益,WW,認購售權證
708927,RS群益,WW,認購售權證
708928,RT群益,WW,認購售權證
70892P,元大RE,WW,認購售權證
708938,富邦VT,WW,認購售權證
708939,元大PG,WW,認購售權證
708941,元大PJ,WW,認購售權證
708944,亞東QE,WW,認購售權證
708972,亞東QG,WW,認購售權證
708982,日盛U2,WW,認購售權證
708994,亞東QH,WW,認購售權證
70900P,元大RM,WW,認購售權證
709015,中信PC,WW,認購售權證
70901P,亞東QS,WW,認購售權證
70902P,元大RN,WW,認購售權證
709039,元大QA,WW,認購售權證
70903P,UD群益,WW,認購售權證
709042,日盛V1,WW,認購售權證
70904P,元富PG,WW,認購售權證
709057,康和WY,WW,認購售權證
70905P,日盛PN,WW,認購售權證
709064,元富Y5,WW,認購售權證
709067,統一YF,WW,認購售權證
709068,統一YG,WW,認購售權證
709069,統一YH,WW,認購售權證
70906P,永豐UX,WW,認購售權證
70907P,凱基SL,WW,認購售權證
709082,兆豐YR,WW,認購售權證
709083,統一YJ,WW,認購售權證
709089,兆豐YS,WW,認購售權證
70908P,凱基SM,WW,認購售權證
709090,中信PD,WW,認購售權證
70909P,UG群益,WW,認購售權證
709100,SW群益,WW,認購售權證
709108,亞東QL,WW,認購售權證
709109,統一YM,WW,認購售權證
70910P,兆豐ZM,WW,認購售權證
709115,TB群益,WW,認購售權證
709117,元大QJ,WW,認購售權證
70911P,國泰QF,WW,認購售權證
709120,元富Z1,WW,認購售權證
709124,永豐TT,WW,認購售權證
709127,統一YN,WW,認購售權證
709128,凱基RL,WW,認購售權證
70912P,UM群益,WW,認購售權證
709133,凱基RM,WW,認購售權證
709139,凱基RP,WW,認購售權證
70913P,中信PK,WW,認購售權證
709141,富邦WD,WW,認購售權證
709142,富邦WE,WW,認購售權證
709146,永豐TY,WW,認購售權證
709147,兆豐YT,WW,認購售權證
709148,兆豐YU,WW,認購售權證
709149,兆豐YV,WW,認購售權證
70914P,元大RX,WW,認購售權證
709151,凱基RR,WW,認購售權證
709155,日盛W6,WW,認購售權證
70915P,元大RY,WW,認購售權證
709163,統一YQ,WW,認購售權證
709164,凱基RS,WW,認購售權證
709167,中信PE,WW,認購售權證
70916P,元富PR,WW,認購售權證
709173,亞東QN,WW,認購售權證
70917P,日盛PS,WW,認購售權證
709185,TK群益,WW,認購售權證
709186,TL群益,WW,認購售權證
709189,元大QV,WW,認購售權證
70918P,日盛PT,WW,認購售權證
709194,亞東QP,WW,認購售權證
70919P,日盛PU,WW,認購售權證
70920P,永豐VC,WW,認購售權證
709217,國泰PT,WW,認購售權證
70921P,兆豐ZP,WW,認購售權證
709222,元大QX,WW,認購售權證
709223,元大QY,WW,認購售權證
709224,元大QZ,WW,認購售權證
70922P,UR群益,WW,認購售權證
709233,國泰PV,WW,認購售權證
70923P,國泰QK,WW,認購售權證
709240,元大RA,WW,認購售權證
709242,元大RC,WW,認購售權證
709243,元大RD,WW,認購售權證
70924P,凱基SU,WW,認購售權證
709258,富邦WP,WW,認購售權證
70925P,元大SC,WW,認購售權證
70926P,永豐VG,WW,認購售權證
709277,永豐UP,WW,認購售權證
70927P,國票SJ,WW,認購售權證
709285,永豐UR,WW,認購售權證
709286,永豐US,WW,認購售權證
709289,TY群益,WW,認購售權證
70928P,UV群益,WW,認購售權證
709292,元富PE,WW,認購售權證
709294,兆豐ZF,WW,認購售權證
709296,元大RJ,WW,認購售權證
709297,元大RK,WW,認購售權證
709298,元大RL,WW,認購售權證
709299,凱基SF,WW,認購售權證
70929P,UZ群益,WW,認購售權證
709300,凱基SG,WW,認購售權證
709301,UA群益,WW,認購售權證
709302,UB群益,WW,認購售權證
709303,大眾VM,WW,認購售權證
709304,中信PJ,WW,認購售權證
709305,元大RP,WW,認購售權證
709306,元富PF,WW,認購售權證
709307,日盛PM,WW,認購售權證
709308,工銀R8,WW,認購售權證
709309,永豐UT,WW,認購售權證
70930P,VA群益,WW,認購售權證
709310,永豐UU,WW,認購售權證
709311,永豐UV,WW,認購售權證
709312,永豐UW,WW,認購售權證
709313,兆豐ZG,WW,認購售權證
709314,兆豐ZH,WW,認購售權證
709315,兆豐ZJ,WW,認購售權證
709316,兆豐ZK,WW,認購售權證
709317,兆豐ZL,WW,認購售權證
709318,亞東QT,WW,認購售權證
709319,國泰QB,WW,認購售權證
70931P,元大SD,WW,認購售權證
709320,國泰QC,WW,認購售權證
709321,國泰QD,WW,認購售權證
709322,康和XJ,WW,認購售權證
709323,統一YZ,WW,認購售權證
709324,凱基SH,WW,認購售權證
709325,凱基SJ,WW,認購售權證
709326,富邦WR,WW,認購售權證
709327,富邦WS,WW,認購售權證
709328,UC群益,WW,認購售權證
709329,元大RQ,WW,認購售權證
70932P,永豐VI,WW,認購售權證
709330,元大RR,WW,認購售權證
709331,元大RS,WW,認購售權證
709332,亞東QU,WW,認購售權證
709333,康和XK,WW,認購售權證
709334,康和XL,WW,認購售權證
709335,統一ZA,WW,認購售權證
709336,凱基SK,WW,認購售權證
709337,富邦WT,WW,認購售權證
709338,UE群益,WW,認購售權證
709339,UF群益,WW,認購售權證
70933P,國票SM,WW,認購售權證
709340,元大RT,WW,認購售權證
709341,元大RU,WW,認購售權證
709342,元富PH,WW,認購售權證
709343,元富PJ,WW,認購售權證
709344,元富PK,WW,認購售權證
709345,元富PL,WW,認購售權證
709346,日盛PP,WW,認購售權證
709347,日盛PQ,WW,認購售權證
709348,永豐UY,WW,認購售權證
709349,永豐UZ,WW,認購售權證
70934P,康和XR,WW,認購售權證
709350,永豐VA,WW,認購售權證
709351,國泰QE,WW,認購售權證
709352,國票SG,WW,認購售權證
709353,康和XM,WW,認購售權證
709354,康和XN,WW,認購售權證
709355,統一ZB,WW,認購售權證
709356,統一ZC,WW,認購售權證
709357,凱基SN,WW,認購售權證
709358,凱基SP,WW,認購售權證
709359,UH群益,WW,認購售權證
70935P,元大SP,WW,認購售權證
709360,UJ群益,WW,認購售權證
709361,UK群益,WW,認購售權證
709362,UL群益,WW,認購售權證
709363,元大RV,WW,認購售權證
709364,元大RW,WW,認購售權證
709365,元富PM,WW,認購售權證
709366,元富PN,WW,認購售權證
709367,元富PP,WW,認購售權證
709368,國泰QG,WW,認購售權證
709369,康和XP,WW,認購售權證
70936P,VJ群益,WW,認購售權證
709370,凱基SQ,WW,認購售權證
709371,富邦WU,WW,認購售權證
709372,中信PL,WW,認購售權證
709373,元大RZ,WW,認購售權證
709374,元富PQ,WW,認購售權證
709375,日盛PR,WW,認購售權證
709376,永豐VB,WW,認購售權證
709377,永豐VD,WW,認購售權證
709378,兆豐ZN,WW,認購售權證
709379,康和XQ,WW,認購售權證
70937P,元大SQ,WW,認購售權證
709380,統一ZD,WW,認購售權證
709381,凱基SR,WW,認購售權證
709382,凱基SS,WW,認購售權證
709383,UN群益,WW,認購售權證
709384,UP群益,WW,認購售權證
709385,UQ群益,WW,認購售權證
709386,元大SA,WW,認購售權證
709387,元大SB,WW,認購售權證
709388,日盛PV,WW,認購售權證
709389,永豐VE,WW,認購售權證
70938P,元富QA,WW,認購售權證
709390,永豐VF,WW,認購售權證
709391,國泰QH,WW,認購售權證
709392,國泰QJ,WW,認購售權證
709393,國泰QL,WW,認購售權證
709394,統一ZE,WW,認購售權證
709395,凱基ST,WW,認購售權證
709396,富邦WV,WW,認購售權證
709397,US群益,WW,認購售權證
709398,UT群益,WW,認購售權證
709399,元富PS,WW,認購售權證
70939P,元大SS,WW,認購售權證
709400,日盛PW,WW,認購售權證
709401,國泰QM,WW,認購售權證
709402,國泰QN,WW,認購售權證
709403,國票SH,WW,認購售權證
709404,統一ZF,WW,認購售權證
709405,UU群益,WW,認購售權證
709406,元富PT,WW,認購售權證
709407,永豐VH,WW,認購售權證
709408,兆豐ZQ,WW,認購售權證
709409,國票SK,WW,認購售權證
70940P,元富QG,WW,認購售權證
709410,凱基SV,WW,認購售權證
709411,凱基SW,WW,認購售權證
709412,凱基SX,WW,認購售權證
709413,凱基SY,WW,認購售權證
709414,凱基SZ,WW,認購售權證
709415,凱基TA,WW,認購售權證
709416,凱基TB,WW,認購售權證
709417,凱基TC,WW,認購售權證
709418,UW群益,WW,認購售權證
709419,UX群益,WW,認購售權證
70941P,元大SX,WW,認購售權證
709420,UY群益,WW,認購售權證
709421,大眾VN,WW,認購售權證
709422,中信PM,WW,認購售權證
709423,元大SE,WW,認購售權證
709424,元大SF,WW,認購售權證
709425,元大SG,WW,認購售權證
709426,永豐VJ,WW,認購售權證
709427,國票SL,WW,認購售權證
709428,統一ZG,WW,認購售權證
709429,凱基TD,WW,認購售權證
70942P,日盛QJ,WW,認購售權證
709430,中信PN,WW,認購售權證
709431,元大SH,WW,認購售權證
709432,元富PU,WW,認購售權證
709433,元富PV,WW,認購售權證
709434,元富PW,WW,認購售權證
709435,元富PX,WW,認購售權證
709436,日盛PX,WW,認購售權證
709437,永豐VK,WW,認購售權證
709438,永豐VL,WW,認購售權證
709439,永豐VM,WW,認購售權證
70943P,兆豐PB,WW,認購售權證
709440,國泰QP,WW,認購售權證
709441,凱基TE,WW,認購售權證
709442,凱基TF,WW,認購售權證
709443,凱基TG,WW,認購售權證
709444,VB群益,WW,認購售權證
709445,VC群益,WW,認購售權證
709446,元大SJ,WW,認購售權證
709447,元大SK,WW,認購售權證
709448,元富PY,WW,認購售權證
709449,元富PZ,WW,認購售權證
70944P,康和XV,WW,認購售權證
709450,日盛PY,WW,認購售權證
709451,永豐VN,WW,認購售權證
709452,永豐VP,WW,認購售權證
709453,兆豐ZR,WW,認購售權證
709454,國泰QQ,WW,認購售權證
709455,統一ZH,WW,認購售權證
709456,統一ZJ,WW,認購售權證
709457,統一ZK,WW,認購售權證
709458,凱基TH,WW,認購售權證
709459,凱基TJ,WW,認購售權證
70945P,元富QH,WW,認購售權證
709460,凱基TK,WW,認購售權證
709461,凱基TL,WW,認購售權證
709462,VD群益,WW,認購售權證
709463,VE群益,WW,認購售權證
709464,VF群益,WW,認購售權證
709465,中信PP,WW,認購售權證
709466,元大SL,WW,認購售權證
709467,元大SM,WW,認購售權證
709468,元大SN,WW,認購售權證
709469,永豐VQ,WW,認購售權證
70946P,元富QN,WW,認購售權證
709470,永豐VR,WW,認購售權證
709471,亞東QV,WW,認購售權證
709472,統一ZL,WW,認購售權證
709473,統一ZM,WW,認購售權證
709474,富邦WW,WW,認購售權證
709475,VG群益,WW,認購售權證
709476,VH群益,WW,認購售權證
709477,元大SR,WW,認購售權證
709478,日盛PZ,WW,認購售權證
709479,永豐VS,WW,認購售權證
70947P,VV群益,WW,認購售權證
709480,康和XS,WW,認購售權證
709481,統一ZN,WW,認購售權證
709482,凱基TM,WW,認購售權證
709483,凱基TN,WW,認購售權證
709484,凱基TP,WW,認購售權證
709485,永昌UW,WW,認購售權證
709486,VK群益,WW,認購售權證
709487,VL群益,WW,認購售權證
709488,元大ST,WW,認購售權證
709489,元富QB,WW,認購售權證
70948P,元大SZ,WW,認購售權證
709490,元富QC,WW,認購售權證
709491,元富QD,WW,認購售權證
709492,元富QE,WW,認購售權證
709493,元富QF,WW,認購售權證
709494,日盛QB,WW,認購售權證
709495,工銀R9,WW,認購售權證
709496,永豐VT,WW,認購售權證
709497,永豐VU,WW,認購售權證
709498,永豐VV,WW,認購售權證
709499,兆豐ZS,WW,認購售權證
70949P,元富QR,WW,認購售權證
709500,兆豐ZT,WW,認購售權證
709501,兆豐ZU,WW,認購售權證
709502,康和XT,WW,認購售權證
709503,VM群益,WW,認購售權證
709504,VN群益,WW,認購售權證
709505,中信PQ,WW,認購售權證
709506,元大SU,WW,認購售權證
709507,元大SV,WW,認購售權證
709508,日盛QC,WW,認購售權證
709509,日盛QD,WW,認購售權證
70950P,凱基UA,WW,認購售權證
709510,日盛QE,WW,認購售權證
709511,日盛QF,WW,認購售權證
709512,永豐VW,WW,認購售權證
709513,永豐VX,WW,認購售權證
709514,兆豐PA,WW,認購售權證
709515,兆豐ZV,WW,認購售權證
709516,兆豐ZW,WW,認購售權證
709517,兆豐ZX,WW,認購售權證
709518,兆豐ZY,WW,認購售權證
709519,兆豐ZZ,WW,認購售權證
70951P,VY群益,WW,認購售權證
709520,國泰QR,WW,認購售權證
709521,統一ZP,WW,認購售權證
709522,統一ZQ,WW,認購售權證
709523,凱基TQ,WW,認購售權證
709524,富邦WX,WW,認購售權證
709525,中信PR,WW,認購售權證
709526,元大SW,WW,認購售權證
709527,日盛QG,WW,認購售權證
709528,日盛QH,WW,認購售權證
709529,工銀S1,WW,認購售權證
70952P,元富QU,WW,認購售權證
709530,永豐VY,WW,認購售權證
709531,永豐VZ,WW,認購售權證
709532,永豐WA,WW,認購售權證
709533,永豐WB,WW,認購售權證
709534,永豐WC,WW,認購售權證
709535,兆豐PC,WW,認購售權證
709536,國泰QS,WW,認購售權證
709537,國泰QT,WW,認購售權證
709538,國泰QU,WW,認購售權證
709539,康和XU,WW,認購售權證
70953P,亞東QY,WW,認購售權證
709540,統一ZR,WW,認購售權證
709541,凱基TR,WW,認購售權證
709542,凱基TS,WW,認購售權證
709543,VP群益,WW,認購售權證
709544,VQ群益,WW,認購售權證
709545,VR群益,WW,認購售權證
709546,日盛QK,WW,認購售權證
709547,永豐WD,WW,認購售權證
709548,永豐WE,WW,認購售權證
709549,國泰QV,WW,認購售權證
70954P,WD群益,WW,認購售權證
709550,凱基TT,WW,認購售權證
709551,凱基TU,WW,認購售權證
709552,VS群益,WW,認購售權證
709553,元富QJ,WW,認購售權證
709554,元富QK,WW,認購售權證
709555,元富QL,WW,認購售權證
709556,日盛QL,WW,認購售權證
709557,日盛QM,WW,認購售權證
709558,永豐WF,WW,認購售權證
709559,國票SN,WW,認購售權證
70955P,元大TD,WW,認購售權證
709560,凱基TV,WW,認購售權證
709561,永昌UX,WW,認購售權證
709562,永昌UY,WW,認購售權證
709563,元富QM,WW,認購售權證
709564,日盛QN,WW,認購售權證
709565,日盛QP,WW,認購售權證
709566,日盛QQ,WW,認購售權證
709567,日盛QR,WW,認購售權證
709568,工銀S2,WW,認購售權證
709569,永豐WG,WW,認購售權證
70956P,日盛QX,WW,認購售權證
709570,永豐WH,WW,認購售權證
709571,凱基TW,WW,認購售權證
709572,凱基TX,WW,認購售權證
709573,富邦WY,WW,認購售權證
709574,富邦WZ,WW,認購售權證
709575,VT群益,WW,認購售權證
709576,VU群益,WW,認購售權證
709577,中信PS,WW,認購售權證
709578,元大SY,WW,認購售權證
709579,元富QP,WW,認購售權證
70957P,元大TK,WW,認購售權證
709580,元富QQ,WW,認購售權證
709581,日盛QS,WW,認購售權證
709582,永豐WI,WW,認購售權證
709583,永豐WJ,WW,認購售權證
709584,亞東QW,WW,認購售權證
709585,亞東QX,WW,認購售權證
709586,凱基TY,WW,認購售權證
709587,凱基TZ,WW,認購售權證
709588,VW群益,WW,認購售權證
709589,康和XW,WW,認購售權證
70958P,WH群益,WW,認購售權證
709590,元富QS,WW,認購售權證
709591,日盛QT,WW,認購售權證
709592,永豐WK,WW,認購售權證
709593,永豐WL,WW,認購售權證
709594,兆豐PD,WW,認購售權證
709595,兆豐PE,WW,認購售權證
709596,國泰QW,WW,認購售權證
709597,國票SP,WW,認購售權證
709598,元大TA,WW,認購售權證
709599,統一ZS,WW,認購售權證
70959P,WJ群益,WW,認購售權證
709600,統一ZT,WW,認購售權證
709601,統一ZU,WW,認購售權證
709602,VX群益,WW,認購售權證
709603,元富QT,WW,認購售權證
709604,永豐WM,WW,認購售權證
709605,永豐WN,WW,認購售權證
709606,永豐WP,WW,認購售權證
709607,永豐WQ,WW,認購售權證
709608,永豐WR,WW,認購售權證
709609,永豐WS,WW,認購售權證
70960P,日盛RD,WW,認購售權證
709610,國票SQ,WW,認購售權證
709611,統一ZV,WW,認購售權證
709612,凱基UB,WW,認購售權證
709613,永昌UZ,WW,認購售權證
709614,永昌VA,WW,認購售權證
709615,VZ群益,WW,認購售權證
709616,WA群益,WW,認購售權證
709617,大眾VP,WW,認購售權證
709618,元大TB,WW,認購售權證
709619,元大TC,WW,認購售權證
70961P,元富RC,WW,認購售權證
709620,日盛QU,WW,認購售權證
709621,日盛QV,WW,認購售權證
709622,永豐WT,WW,認購售權證
709623,國票SR,WW,認購售權證
709624,WB群益,WW,認購售權證
709625,WC群益,WW,認購售權證
709626,中信PT,WW,認購售權證
709627,元大TE,WW,認購售權證
709628,元大TF,WW,認購售權證
709629,元大TG,WW,認購售權證
70962P,WW群益,WW,認購售權證
709630,元大TH,WW,認購售權證
709631,元大TJ,WW,認購售權證
709632,元富QV,WW,認購售權證
709633,日盛QW,WW,認購售權證
709634,工銀S3,WW,認購售權證
709635,永豐WU,WW,認購售權證
709636,永豐WV,WW,認購售權證
709637,永豐WW,WW,認購售權證
709638,永豐WX,WW,認購售權證
709639,永豐WY,WW,認購售權證
70963P,元大UP,WW,認購售權證
709640,國泰QX,WW,認購售權證
709641,國泰QY,WW,認購售權證
709642,國票SS,WW,認購售權證
709643,康和XX,WW,認購售權證
709644,凱基UC,WW,認購售權證
709645,凱基UD,WW,認購售權證
709646,永昌VB,WW,認購售權證
709647,WE群益,WW,認購售權證
709648,WF群益,WW,認購售權證
709649,大眾VQ,WW,認購售權證
70964P,元大UT,WW,認購售權證
709650,中信PU,WW,認購售權證
709651,元大TL,WW,認購售權證
709652,元大TM,WW,認購售權證
709653,元大TN,WW,認購售權證
709654,元大TP,WW,認購售權證
709655,元富QW,WW,認購售權證
709656,元富QX,WW,認購售權證
709657,元富QY,WW,認購售權證
709658,元富QZ,WW,認購售權證
709659,工銀S4,WW,認購售權證
70965P,元大UU,WW,認購售權證
709660,永豐WZ,WW,認購售權證
709661,國泰QZ,WW,認購售權證
709662,國泰RA,WW,認購售權證
709663,統一ZW,WW,認購售權證
709664,統一ZX,WW,認購售權證
709665,統一ZY,WW,認購售權證
709666,凱基UE,WW,認購售權證
709667,凱基UF,WW,認購售權證
709668,P1富邦,WW,認購售權證
709669,P2富邦,WW,認購售權證
70966P,元富RL,WW,認購售權證
709670,P3富邦,WW,認購售權證
709671,WG群益,WW,認購售權證
709672,元大TQ,WW,認購售權證
709673,日盛QY,WW,認購售權證
709674,日盛QZ,WW,認購售權證
709675,日盛RA,WW,認購售權證
709676,永豐XA,WW,認購售權證
709677,兆豐PF,WW,認購售權證
709678,國票ST,WW,認購售權證
709679,國票SU,WW,認購售權證
70967P,元富RM,WW,認購售權證
709680,統一P1,WW,認購售權證
709681,統一ZZ,WW,認購售權證
709682,WK群益,WW,認購售權證
709683,WL群益,WW,認購售權證
709684,中信PV,WW,認購售權證
709685,元大TR,WW,認購售權證
709686,元富RA,WW,認購售權證
709687,日盛RB,WW,認購售權證
709688,日盛RC,WW,認購售權證
709689,兆豐PG,WW,認購售權證
70968P,永豐YC,WW,認購售權證
709690,凱基UG,WW,認購售權證
709691,永昌VC,WW,認購售權證
709692,永昌VD,WW,認購售權證
709693,大眾VR,WW,認購售權證
709694,元大TS,WW,認購售權證
709695,元大TT,WW,認購售權證
709696,元大TU,WW,認購售權證
709697,元大TV,WW,認購售權證
709698,元大TW,WW,認購售權證
709699,元大TX,WW,認購售權證
70969P,國泰RM,WW,認購售權證
709700,元大TY,WW,認購售權證
709701,元大TZ,WW,認購售權證
709702,元大UA,WW,認購售權證
709703,元大UB,WW,認購售權證
709704,元大UC,WW,認購售權證
709705,元大UD,WW,認購售權證
709706,元富RB,WW,認購售權證
709707,元富RD,WW,認購售權證
709708,日盛RE,WW,認購售權證
709709,日盛RF,WW,認購售權證
70970P,康和YH,WW,認購售權證
709710,日盛RG,WW,認購售權證
709711,日盛RH,WW,認購售權證
709712,日盛RK,WW,認購售權證
709713,日盛RL,WW,認購售權證
709714,工銀S5,WW,認購售權證
709715,工銀S6,WW,認購售權證
709716,工銀S7,WW,認購售權證
709717,永豐XB,WW,認購售權證
709718,永豐XC,WW,認購售權證
709719,永豐XD,WW,認購售權證
70971P,康和YI,WW,認購售權證
709720,永豐XE,WW,認購售權證
709721,永豐XF,WW,認購售權證
709722,永豐XG,WW,認購售權證
709723,永豐XH,WW,認購售權證
709724,永豐XI,WW,認購售權證
709725,永豐XJ,WW,認購售權證
709726,永豐XK,WW,認購售權證
709727,永豐XL,WW,認購售權證
709728,永豐XM,WW,認購售權證
709729,永豐XN,WW,認購售權證
70972P,元大VE,WW,認購售權證
709730,國泰RB,WW,認購售權證
709731,國泰RC,WW,認購售權證
709732,國泰RD,WW,認購售權證
709733,國泰RE,WW,認購售權證
709734,國泰RF,WW,認購售權證
709735,國泰RG,WW,認購售權證
709736,國泰RH,WW,認購售權證
709737,國票SV,WW,認購售權證
709738,國票SW,WW,認購售權證
709739,國票SX,WW,認購售權證
70973P,元富RS,WW,認購售權證
709740,國票SY,WW,認購售權證
709741,國票SZ,WW,認購售權證
709742,國票TA,WW,認購售權證
709743,康和XY,WW,認購售權證
709744,康和XZ,WW,認購售權證
709745,康和YA,WW,認購售權證
709746,康和YB,WW,認購售權證
709747,康和YC,WW,認購售權證
709748,康和YD,WW,認購售權證
709749,康和YE,WW,認購售權證
70974P,國泰RR,WW,認購售權證
709750,康和YF,WW,認購售權證
709751,康和YG,WW,認購售權證
709752,統一P2,WW,認購售權證
709753,統一P3,WW,認購售權證
709754,統一P4,WW,認購售權證
709755,統一P5,WW,認購售權證
709756,統一P6,WW,認購售權證
709757,統一P7,WW,認購售權證
709758,凱基UH,WW,認購售權證
709759,凱基UJ,WW,認購售權證
70975P,國泰RS,WW,認購售權證
709760,凱基UK,WW,認購售權證
709761,凱基UL,WW,認購售權證
709762,凱基UM,WW,認購售權證
709763,凱基UN,WW,認購售權證
709764,凱基UP,WW,認購售權證
709765,凱基UQ,WW,認購售權證
709766,凱基UR,WW,認購售權證
709767,凱基US,WW,認購售權證
709768,P4富邦,WW,認購售權證
709769,P5富邦,WW,認購售權證
70976P,凱基VJ,WW,認購售權證
709770,WM群益,WW,認購售權證
709771,WN群益,WW,認購售權證
709772,WP群益,WW,認購售權證
709773,WQ群益,WW,認購售權證
709774,WR群益,WW,認購售權證
709775,WS群益,WW,認購售權證
709776,WT群益,WW,認購售權證
709777,WU群益,WW,認購售權證
709778,WV群益,WW,認購售權證
709779,中信PW,WW,認購售權證
70977P,R3群益,WW,認購售權證
709780,元大UE,WW,認購售權證
709781,元大UF,WW,認購售權證
709782,元大UG,WW,認購售權證
709783,元大UH,WW,認購售權證
709784,元大UJ,WW,認購售權證
709785,元大UK,WW,認購售權證
709786,元大UL,WW,認購售權證
709787,元大UM,WW,認購售權證
709788,元大UN,WW,認購售權證
709789,元富RE,WW,認購售權證
70978P,元大VJ,WW,認購售權證
709790,元富RF,WW,認購售權證
709791,日盛RM,WW,認購售權證
709792,永豐XP,WW,認購售權證
709793,永豐XQ,WW,認購售權證
709794,永豐XR,WW,認購售權證
709795,亞東QZ,WW,認購售權證
709796,國票TB,WW,認購售權證
709797,統一P8,WW,認購售權證
709798,凱基UT,WW,認購售權證
709799,凱基UU,WW,認購售權證
70979P,元大VK,WW,認購售權證
709800,凱基UV,WW,認購售權證
709801,P6富邦,WW,認購售權證
709802,P7富邦,WW,認購售權證
709803,P1群益,WW,認購售權證
709804,WX群益,WW,認購售權證
709805,WY群益,WW,認購售權證
709806,WZ群益,WW,認購售權證
709807,元大UQ,WW,認購售權證
709808,元富RG,WW,認購售權證
709809,日盛RN,WW,認購售權證
70980P,中信QA,WW,認購售權證
709810,日盛RP,WW,認購售權證
709811,永豐XS,WW,認購售權證
709812,兆豐PH,WW,認購售權證
709813,兆豐PJ,WW,認購售權證
709814,國泰RJ,WW,認購售權證
709815,凱基UW,WW,認購售權證
709816,凱基UX,WW,認購售權證
709817,永昌VE,WW,認購售權證
709818,P2群益,WW,認購售權證
709819,P3群益,WW,認購售權證
70981P,元大VM,WW,認購售權證
709820,P4群益,WW,認購售權證
709821,P5群益,WW,認購售權證
709822,P6群益,WW,認購售權證
709823,元大UR,WW,認購售權證
709824,元大US,WW,認購售權證
709825,元富RH,WW,認購售權證
709826,日盛RQ,WW,認購售權證
709827,日盛RR,WW,認購售權證
709828,日盛RS,WW,認購售權證
709829,凱基UY,WW,認購售權證
70982P,永豐YQ,WW,認購售權證
709830,凱基UZ,WW,認購售權證
709831,凱基VA,WW,認購售權證
709832,P8富邦,WW,認購售權證
709833,永昌VF,WW,認購售權證
709834,P7群益,WW,認購售權證
709835,P8群益,WW,認購售權證
709836,元大UV,WW,認購售權證
709837,元大UW,WW,認購售權證
709838,元大UX,WW,認購售權證
709839,元大UY,WW,認購售權證
70983P,國票TG,WW,認購售權證
709840,元富RJ,WW,認購售權證
709841,元富RK,WW,認購售權證
709842,元富RN,WW,認購售權證
709843,日盛RT,WW,認購售權證
709844,日盛RU,WW,認購售權證
709845,日盛RV,WW,認購售權證
709846,工銀S8,WW,認購售權證
709847,永豐XT,WW,認購售權證
709848,永豐XU,WW,認購售權證
709849,永豐XV,WW,認購售權證
70984P,R6群益,WW,認購售權證
709850,永豐XW,WW,認購售權證
709851,永豐XX,WW,認購售權證
709852,永豐XY,WW,認購售權證
709853,永豐XZ,WW,認購售權證
709854,永豐YA,WW,認購售權證
709855,永豐YB,WW,認購售權證
709856,永豐YD,WW,認購售權證
709857,永豐YE,WW,認購售權證
709858,國泰RK,WW,認購售權證
709859,國泰RL,WW,認購售權證
70985P,R7群益,WW,認購售權證
709860,凱基VB,WW,認購售權證
709861,P9富邦,WW,認購售權證
709862,永昌VG,WW,認購售權證
709863,P9群益,WW,認購售權證
709864,Q1群益,WW,認購售權證
709865,Q2群益,WW,認購售權證
709866,Q3群益,WW,認購售權證
709867,元大UZ,WW,認購售權證
709868,元大VA,WW,認購售權證
709869,元大VB,WW,認購售權證
70986P,元富RZ,WW,認購售權證
709870,元大VC,WW,認購售權證
709871,元大VD,WW,認購售權證
709872,元富RP,WW,認購售權證
709873,元富RQ,WW,認購售權證
709874,永豐YF,WW,認購售權證
709875,國泰RN,WW,認購售權證
709876,國泰RP,WW,認購售權證
709877,國泰RQ,WW,認購售權證
709878,國票TC,WW,認購售權證
709879,凱基VC,WW,認購售權證
70987P,日盛SE,WW,認購售權證
709880,凱基VD,WW,認購售權證
709881,凱基VE,WW,認購售權證
709882,凱基VF,WW,認購售權證
709883,Q4群益,WW,認購售權證
709884,Q5群益,WW,認購售權證
709885,Q6群益,WW,認購售權證
709886,中信PX,WW,認購售權證
709887,中信PY,WW,認購售權證
709888,元大VF,WW,認購售權證
709889,元大VG,WW,認購售權證
70988P,Q8富邦,WW,認購售權證
709890,元大VH,WW,認購售權證
709891,元富RR,WW,認購售權證
709892,元富RT,WW,認購售權證
709893,日盛RW,WW,認購售權證
709894,日盛RX,WW,認購售權證
709895,工銀S9,WW,認購售權證
709896,永豐YG,WW,認購售權證
709897,永豐YH,WW,認購售權證
709898,永豐YI,WW,認購售權證
709899,永豐YJ,WW,認購售權證
70989P,元大VP,WW,認購售權證
709900,兆豐PK,WW,認購售權證
709901,國泰RT,WW,認購售權證
709902,國票TD,WW,認購售權證
709903,康和YJ,WW,認購售權證
709904,凱基VG,WW,認購售權證
709905,凱基VH,WW,認購售權證
709906,Q1富邦,WW,認購售權證
709907,Q2富邦,WW,認購售權證
709908,Q3富邦,WW,認購售權證
709909,Q7群益,WW,認購售權證
70990P,元富SL,WW,認購售權證
709910,Q8群益,WW,認購售權證
709911,Q9群益,WW,認購售權證
709912,R1群益,WW,認購售權證
709913,R2群益,WW,認購售權證
709914,大眾VS,WW,認購售權證
709915,大眾VT,WW,認購售權證
709916,中信PZ,WW,認購售權證
709917,元大VL,WW,認購售權證
709918,元富RU,WW,認購售權證
709919,元富RV,WW,認購售權證
70991P,國泰RY,WW,認購售權證
709920,日盛RY,WW,認購售權證
709921,日盛RZ,WW,認購售權證
709922,日盛SA,WW,認購售權證
709923,永豐YK,WW,認購售權證
709924,永豐YL,WW,認購售權證
709925,永豐YM,WW,認購售權證
709926,兆豐PL,WW,認購售權證
709927,國泰RU,WW,認購售權證
709928,國票TE,WW,認購售權證
709929,康和YK,WW,認購售權證
70992P,S9群益,WW,認購售權證
709930,凱基VK,WW,認購售權證
709931,大眾VU,WW,認購售權證
709932,元富RW,WW,認購售權證
709933,元富RX,WW,認購售權證
709934,日盛SB,WW,認購售權證
709935,日盛SC,WW,認購售權證
709936,永豐YN,WW,認購售權證
709937,永豐YP,WW,認購售權證
709938,亞東RA,WW,認購售權證
709939,亞東RB,WW,認購售權證
70993P,工銀T1,WW,認購售權證
709940,國票TF,WW,認購售權證
709941,康和YL,WW,認購售權證
709942,統一P9,WW,認購售權證
709943,統一Q1,WW,認購售權證
709944,凱基VL,WW,認購售權證
709945,凱基VM,WW,認購售權證
709946,Q4富邦,WW,認購售權證
709947,Q5富邦,WW,認購售權證
709948,R4群益,WW,認購售權證
709949,R5群益,WW,認購售權證
70994P,兆豐PU,WW,認購售權證
709950,R8群益,WW,認購售權證
709951,中信QB,WW,認購售權證
709952,元大VN,WW,認購售權證
709953,元富RY,WW,認購售權證
709954,元富SA,WW,認購售權證
709955,日盛SD,WW,認購售權證
709956,永豐YR,WW,認購售權證
709957,兆豐PM,WW,認購售權證
709958,兆豐PN,WW,認購售權證
709959,亞東RC,WW,認購售權證
70995P,元大WD,WW,認購售權證
709960,國泰RV,WW,認購售權證
709961,康和YM,WW,認購售權證
709962,凱基VN,WW,認購售權證
709963,Q6富邦,WW,認購售權證
709964,Q7富邦,WW,認購售權證
709965,R9群益,WW,認購售權證
709966,S1群益,WW,認購售權證
709967,S2群益,WW,認購售權證
709968,S3群益,WW,認購售權證
709969,元大VQ,WW,認購售權證
70996P,元富SR,WW,認購售權證
709970,元大VR,WW,認購售權證
709971,元大VS,WW,認購售權證
709972,元大VT,WW,認購售權證
709973,元大VU,WW,認購售權證
709974,元富SB,WW,認購售權證
709975,元富SC,WW,認購售權證
709976,元富SD,WW,認購售權證
709977,元富SE,WW,認購售權證
709978,元富SF,WW,認購售權證
709979,元富SG,WW,認購售權證
70997P,兆豐PV,WW,認購售權證
709980,元富SH,WW,認購售權證
709981,元富SJ,WW,認購售權證
709982,元富SK,WW,認購售權證
709983,永豐YS,WW,認購售權證
709984,永豐YT,WW,認購售權證
709985,永豐YU,WW,認購售權證
709986,永豐YV,WW,認購售權證
709987,永豐YW,WW,認購售權證
709988,永豐YX,WW,認購售權證
709989,玉山P1,WW,認購售權證
70998P,元大WK,WW,認購售權證
709990,兆豐PP,WW,認購售權證
709991,兆豐PQ,WW,認購售權證
709992,兆豐PR,WW,認購售權證
709993,亞東RD,WW,認購售權證
709994,國泰RW,WW,認購售權證
709995,國泰RX,WW,認購售權證
709996,國票TH,WW,認購售權證
709997,康和YN,WW,認購售權證
709998,康和YP,WW,認購售權證
709999,統一Q2,WW,認購售權證
70999P,國泰SF,WW,認購售權證
710000,凱基VP,WW,認購售權證
710001,Q9富邦,WW,認購售權證
710002,R1富邦,WW,認購售權證
710003,S4群益,WW,認購售權證
710004,元大VV,WW,認購售權證
710005,元大VW,WW,認購售權證
710006,元大VX,WW,認購售權證
710007,元大VY,WW,認購售權證
710008,元富SM,WW,認購售權證
710009,元富SN,WW,認購售權證
71000P,凱基WE,WW,認購售權證
710010,元富SP,WW,認購售權證
710011,日盛SF,WW,認購售權證
710012,永豐YY,WW,認購售權證
710013,永豐YZ,WW,認購售權證
710014,兆豐PS,WW,認購售權證
710015,兆豐PT,WW,認購售權證
710016,亞東RE,WW,認購售權證
710017,國泰RZ,WW,認購售權證
710018,康和YQ,WW,認購售權證
710019,R2富邦,WW,認購售權證
71001P,T4群益,WW,認購售權證
710020,永昌VH,WW,認購售權證
710021,S5群益,WW,認購售權證
710022,S6群益,WW,認購售權證
710023,S7群益,WW,認購售權證
710024,S8群益,WW,認購售權證
710025,元富SQ,WW,認購售權證
710026,日盛SG,WW,認購售權證
710027,日盛SH,WW,認購售權證
710028,統一Q3,WW,認購售權證
710029,元大VZ,WW,認購售權證
71002P,元大WM,WW,認購售權證
710030,元大WA,WW,認購售權證
710031,元大WB,WW,認購售權證
710032,元大WC,WW,認購售權證
710033,永豐ZA,WW,認購售權證
710034,永豐ZB,WW,認購售權證
710035,永豐ZC,WW,認購售權證
710036,永豐ZD,WW,認購售權證
710037,康和YR,WW,認購售權證
710038,T1群益,WW,認購售權證
710039,元大WE,WW,認購售權證
71003P,國票TJ,WW,認購售權證
710040,元大WF,WW,認購售權證
710041,日盛SJ,WW,認購售權證
710042,日盛SK,WW,認購售權證
710043,永豐ZE,WW,認購售權證
710044,兆豐PW,WW,認購售權證
710045,兆豐PX,WW,認購售權證
710046,兆豐PY,WW,認購售權證
710047,亞東RF,WW,認購售權證
710048,國泰SA,WW,認購售權證
710049,統一Q4,WW,認購售權證
71004P,T6群益,WW,認購售權證
710050,凱基VQ,WW,認購售權證
710051,T2群益,WW,認購售權證
710052,元大WG,WW,認購售權證
710053,元大WH,WW,認購售權證
710054,元大WJ,WW,認購售權證
710055,日盛SL,WW,認購售權證
710056,日盛SM,WW,認購售權證
710057,日盛SN,WW,認購售權證
710058,工銀T2,WW,認購售權證
710059,永豐ZF,WW,認購售權證
71005P,R7富邦,WW,認購售權證
710060,永豐ZG,WW,認購售權證
710061,兆豐PZ,WW,認購售權證
710062,兆豐QA,WW,認購售權證
710063,國泰SB,WW,認購售權證
710064,國泰SC,WW,認購售權證
710065,國泰SD,WW,認購售權證
710066,康和YS,WW,認購售權證
710067,統一Q5,WW,認購售權證
710068,統一Q6,WW,認購售權證
710069,凱基VR,WW,認購售權證
71006P,T7群益,WW,認購售權證
710070,凱基VS,WW,認購售權證
710071,凱基VT,WW,認購售權證
710072,凱基VU,WW,認購售權證
710073,凱基VV,WW,認購售權證
710074,凱基VW,WW,認購售權證
710075,凱基VX,WW,認購售權證
710076,凱基VY,WW,認購售權證
710077,凱基VZ,WW,認購售權證
710078,凱基WA,WW,認購售權證
710079,凱基WB,WW,認購售權證
71007P,元大WU,WW,認購售權證
710080,中信QC,WW,認購售權證
710081,元富SS,WW,認購售權證
710082,元富ST,WW,認購售權證
710083,日盛SP,WW,認購售權證
710084,工銀T3,WW,認購售權證
710085,工銀T4,WW,認購售權證
710086,永豐ZH,WW,認購售權證
710087,永豐ZI,WW,認購售權證
710088,永豐ZJ,WW,認購售權證
710089,永豐ZK,WW,認購售權證
71008P,國泰SN,WW,認購售權證
710090,國泰SE,WW,認購售權證
710091,統一Q7,WW,認購售權證
710092,凱基WC,WW,認購售權證
710093,凱基WD,WW,認購售權證
710094,T3群益,WW,認購售權證
710095,元大WL,WW,認購售權證
710096,元富SU,WW,認購售權證
710097,日盛SQ,WW,認購售權證
710098,永豐ZL,WW,認購售權證
710099,玉山P2,WW,認購售權證
71009P,凱基WT,WW,認購售權證
710100,國泰SG,WW,認購售權證
710101,康和YT,WW,認購售權證
710102,統一Q8,WW,認購售權證
710103,統一Q9,WW,認購售權證
710104,統一R1,WW,認購售權證
710105,凱基WF,WW,認購售權證
710106,R3富邦,WW,認購售權證
710107,日盛SR,WW,認購售權證
710108,永豐ZM,WW,認購售權證
710109,兆豐QB,WW,認購售權證
71010P,日盛SX,WW,認購售權證
710110,國泰SH,WW,認購售權證
710111,國票TK,WW,認購售權證
710112,康和YU,WW,認購售權證
710113,R4富邦,WW,認購售權證
710114,T5群益,WW,認購售權證
710115,元大WN,WW,認購售權證
710116,元大WP,WW,認購售權證
710117,元大WQ,WW,認購售權證
710118,永豐ZN,WW,認購售權證
710119,兆豐QC,WW,認購售權證
71011P,日盛SY,WW,認購售權證
710120,國泰SJ,WW,認購售權證
710121,康和YV,WW,認購售權證
710122,凱基WG,WW,認購售權證
710123,凱基WH,WW,認購售權證
710124,凱基WJ,WW,認購售權證
710125,R5富邦,WW,認購售權證
710126,R6富邦,WW,認購售權證
710127,元大WR,WW,認購售權證
710128,元大WS,WW,認購售權證
710129,元大WT,WW,認購售權證
71012P,凱基WZ,WW,認購售權證
710130,元富SV,WW,認購售權證
710131,元富SW,WW,認購售權證
710132,元富SX,WW,認購售權證
710133,日盛SS,WW,認購售權證
710134,永豐ZP,WW,認購售權證
710135,永豐ZQ,WW,認購售權證
710136,玉山P3,WW,認購售權證
710137,玉山P4,WW,認購售權證
710138,亞東RG,WW,認購售權證
710139,國泰SK,WW,認購售權證
71013P,工銀T6,WW,認購售權證
710140,國泰SL,WW,認購售權證
710141,統一R2,WW,認購售權證
710142,統一R3,WW,認購售權證
710143,凱基WK,WW,認購售權證
710144,凱基WL,WW,認購售權證
710145,凱基WM,WW,認購售權證
710146,凱基WN,WW,認購售權證
710147,凱基WP,WW,認購售權證
710148,R8富邦,WW,認購售權證
710149,R9富邦,WW,認購售權證
71014P,永豐ZU,WW,認購售權證
710150,S1富邦,WW,認購售權證
710151,T8群益,WW,認購售權證
710152,大眾VW,WW,認購售權證
710153,元大WV,WW,認購售權證
710154,元大WW,WW,認購售權證
710155,元大WX,WW,認購售權證
710156,元大WY,WW,認購售權證
710157,元富SY,WW,認購售權證
710158,元富SZ,WW,認購售權證
710159,日盛ST,WW,認購售權證
71015P,兆豐QH,WW,認購售權證
710160,日盛SU,WW,認購售權證
710161,日盛SV,WW,認購售權證
710162,永豐ZR,WW,認購售權證
710163,兆豐QD,WW,認購售權證
710164,國泰SM,WW,認購售權證
710165,統一R4,WW,認購售權證
710166,統一R5,WW,認購售權證
710167,統一R6,WW,認購售權證
710168,統一R7,WW,認購售權證
710169,統一R8,WW,認購售權證
71016P,兆豐QJ,WW,認購售權證
710170,凱基WQ,WW,認購售權證
710171,凱基WR,WW,認購售權證
710172,凱基WS,WW,認購售權證
710173,S2富邦,WW,認購售權證
710174,S3富邦,WW,認購售權證
710175,S4富邦,WW,認購售權證
710176,S5富邦,WW,認購售權證
710177,S6富邦,WW,認購售權證
710178,S7富邦,WW,認購售權證
710179,元大WZ,WW,認購售權證
71017P,兆豐QK,WW,認購售權證
710180,日盛SW,WW,認購售權證
710181,工銀T5,WW,認購售權證
710182,兆豐QE,WW,認購售權證
710183,兆豐QF,WW,認購售權證
710184,兆豐QG,WW,認購售權證
710185,統一R9,WW,認購售權證
710186,統一S1,WW,認購售權證
710187,凱基WU,WW,認購售權證
710188,凱基WV,WW,認購售權證
710189,凱基WW,WW,認購售權證
71018P,統一S4,WW,認購售權證
710190,凱基WX,WW,認購售權證
710191,凱基WY,WW,認購售權證
710192,凱基XA,WW,認購售權證
710193,永昌VJ,WW,認購售權證
710194,T9群益,WW,認購售權證
710195,U1群益,WW,認購售權證
710196,U2群益,WW,認購售權證
710197,PA元大,WW,認購售權證
710198,PB元大,WW,認購售權證
710199,日盛SZ,WW,認購售權證
71019P,U5群益,WW,認購售權證
710200,日盛TA,WW,認購售權證
710201,日盛TB,WW,認購售權證
710202,永豐ZS,WW,認購售權證
710203,永豐ZT,WW,認購售權證
710204,康和YW,WW,認購售權證
710205,統一S2,WW,認購售權證
710206,統一S3,WW,認購售權證
710207,S8富邦,WW,認購售權證
710208,PC元大,WW,認購售權證
710209,PD元大,WW,認購售權證
71020P,永豐ZX,WW,認購售權證
710210,日盛TC,WW,認購售權證
710211,工銀T7,WW,認購售權證
710212,永豐ZV,WW,認購售權證
710213,永豐ZW,WW,認購售權證
710214,國泰SP,WW,認購售權證
710215,國泰SQ,WW,認購售權證
710216,康和YX,WW,認購售權證
710217,康和YY,WW,認購售權證
710218,統一S5,WW,認購售權證
710219,凱基XB,WW,認購售權證
71021P,凱基XC,WW,認購售權證
710220,S9富邦,WW,認購售權證
710221,U3群益,WW,認購售權證
710222,U4群益,WW,認購售權證
710223,PE元大,WW,認購售權證
710224,PF元大,WW,認購售權證
710225,元富TA,WW,認購售權證
710226,日盛TD,WW,認購售權證
710227,日盛TE,WW,認購售權證
710228,日盛TF,WW,認購售權證
710229,永豐ZY,WW,認購售權證
71022P,日盛TH,WW,認購售權證
710230,永豐ZZ,WW,認購售權證
710231,P1永豐,WW,認購售權證
710232,P2永豐,WW,認購售權證
710233,兆豐QL,WW,認購售權證
710234,兆豐QM,WW,認購售權證
710235,兆豐QN,WW,認購售權證
710236,兆豐QP,WW,認購售權證
710237,國泰SR,WW,認購售權證
710238,統一S6,WW,認購售權證
710239,統一S7,WW,認購售權證
71023P,國票TL,WW,認購售權證
710240,統一S8,WW,認購售權證
710241,凱基XD,WW,認購售權證
710242,T1富邦,WW,認購售權證
710243,U6群益,WW,認購售權證
710244,U7群益,WW,認購售權證
710245,U8群益,WW,認購售權證
710246,U9群益,WW,認購售權證
710247,臺銀P8,WW,認購售權證
710248,PG元大,WW,認購售權證
710249,PH元大,WW,認購售權證
71024P,統一T4,WW,認購售權證
710250,PJ元大,WW,認購售權證
710251,PK元大,WW,認購售權證
710252,元富TB,WW,認購售權證
710253,元富TC,WW,認購售權證
710254,元富TD,WW,認購售權證
710255,日盛TG,WW,認購售權證
710256,日盛TJ,WW,認購售權證
710257,日盛TK,WW,認購售權證
710258,P3永豐,WW,認購售權證
710259,P4永豐,WW,認購售權證
71025P,凱基XH,WW,認購售權證
710260,兆豐QQ,WW,認購售權證
710261,兆豐QR,WW,認購售權證
710262,亞東RH,WW,認購售權證
710263,國泰SS,WW,認購售權證
710264,統一S9,WW,認購售權證
710265,統一T1,WW,認購售權證
710266,統一T2,WW,認購售權證
710267,統一T3,WW,認購售權證
710268,凱基XE,WW,認購售權證
710269,凱基XF,WW,認購售權證
71026P,PL元大,WW,認購售權證
710270,凱基XG,WW,認購售權證
710271,凱基XJ,WW,認購售權證
710272,凱基XK,WW,認購售權證
710273,凱基XL,WW,認購售權證
710274,T2富邦,WW,認購售權證
710275,T3富邦,WW,認購售權證
710276,T4富邦,WW,認購售權證
710277,T5富邦,WW,認購售權證
710278,T6富邦,WW,認購售權證
710279,T7富邦,WW,認購售權證
71027P,V5群益,WW,認購售權證
710280,V1群益,WW,認購售權證
710281,V2群益,WW,認購售權證
710282,大眾VX,WW,認購售權證
710283,PM元大,WW,認購售權證
710284,PN元大,WW,認購售權證
710285,元富TE,WW,認購售權證
710286,元富TF,WW,認購售權證
710287,元富TG,WW,認購售權證
710288,日盛TL,WW,認購售權證
710289,日盛TM,WW,認購售權證
71028P,U1富邦,WW,認購售權證
710290,P5永豐,WW,認購售權證
710291,兆豐QS,WW,認購售權證
710292,國泰ST,WW,認購售權證
710293,凱基XM,WW,認購售權證
710294,T8富邦,WW,認購售權證
710295,永昌VK,WW,認購售權證
710296,V3群益,WW,認購售權證
710297,V4群益,WW,認購售權證
710298,PP元大,WW,認購售權證
710299,PQ元大,WW,認購售權證
71029P,中信QD,WW,認購售權證
710300,PR元大,WW,認購售權證
710301,元富TH,WW,認購售權證
710302,日盛TN,WW,認購售權證
710303,P6永豐,WW,認購售權證
710304,P7永豐,WW,認購售權證
710305,P8永豐,WW,認購售權證
710306,P9永豐,WW,認購售權證
710307,國泰SU,WW,認購售權證
710308,統一T5,WW,認購售權證
710309,統一T6,WW,認購售權證
71030P,元富TJ,WW,認購售權證
710310,凱基XN,WW,認購售權證
710311,T9富邦,WW,認購售權證
710312,永昌VL,WW,認購售權證
710313,永昌VM,WW,認購售權證
710314,PS元大,WW,認購售權證
710315,PT元大,WW,認購售權證
710316,PU元大,WW,認購售權證
710317,日盛TP,WW,認購售權證
710318,Q1永豐,WW,認購售權證
710319,Q2永豐,WW,認購售權證
71031P,國泰SX,WW,認購售權證
710320,Q3永豐,WW,認購售權證
710321,Q4永豐,WW,認購售權證
710322,亞東RJ,WW,認購售權證
710323,國泰SV,WW,認購售權證
710324,國泰SW,WW,認購售權證
710325,統一T7,WW,認購售權證
710326,統一T8,WW,認購售權證
710327,凱基XP,WW,認購售權證
710328,凱基XQ,WW,認購售權證
710329,U2富邦,WW,認購售權證
71032P,日盛TS,WW,認購售權證
710330,U3富邦,WW,認購售權證
710331,永昌VN,WW,認購售權證
710332,V6群益,WW,認購售權證
710333,V7群益,WW,認購售權證
710334,PV元大,WW,認購售權證
710335,日盛TQ,WW,認購售權證
710336,日盛TR,WW,認購售權證
710337,Q5永豐,WW,認購售權證
710338,Q6永豐,WW,認購售權證
710339,亞東RK,WW,認購售權證
71033P,國票TR,WW,認購售權證
710340,國泰SY,WW,認購售權證
710341,國泰SZ,WW,認購售權證
710342,國票TM,WW,認購售權證
710343,國票TN,WW,認購售權證
710344,國票TP,WW,認購售權證
710345,國票TQ,WW,認購售權證
710346,康和YZ,WW,認購售權證
710347,U4富邦,WW,認購售權證
710348,U5富邦,WW,認購售權證
710349,U6富邦,WW,認購售權證
71034P,W1群益,WW,認購售權證
710350,U7富邦,WW,認購售權證
710351,U8富邦,WW,認購售權證
710352,V8群益,WW,認購售權證
710353,PW元大,WW,認購售權證
710354,PX元大,WW,認購售權證
710355,PY元大,WW,認購售權證
710356,Q7永豐,WW,認購售權證
710357,Q8永豐,WW,認購售權證
710358,Q9永豐,WW,認購售權證
710359,R1永豐,WW,認購售權證
71035P,康和ZA,WW,認購售權證
710360,R2永豐,WW,認購售權證
710361,兆豐QT,WW,認購售權證
710362,兆豐QU,WW,認購售權證
710363,兆豐QV,WW,認購售權證
710364,亞東RL,WW,認購售權證
710365,統一T9,WW,認購售權證
710366,統一U1,WW,認購售權證
710367,凱基XR,WW,認購售權證
710368,U9富邦,WW,認購售權證
710369,V1富邦,WW,認購售權證
71036P,凱基XT,WW,認購售權證
710370,V9群益,WW,認購售權證
710371,日盛TT,WW,認購售權證
710372,兆豐QW,WW,認購售權證
710373,兆豐QX,WW,認購售權證
710374,兆豐QY,WW,認購售權證
710375,國泰TA,WW,認購售權證
710376,統一U2,WW,認購售權證
710377,凱基XS,WW,認購售權證
710378,PZ元大,WW,認購售權證
710379,日盛TU,WW,認購售權證
71037P,兆豐QZ,WW,認購售權證
710380,日盛TV,WW,認購售權證
710381,日盛TX,WW,認購售權證
710382,日盛TY,WW,認購售權證
710383,日盛TZ,WW,認購售權證
710384,日盛UA,WW,認購售權證
710385,R3永豐,WW,認購售權證
710386,R4永豐,WW,認購售權證
710387,R5永豐,WW,認購售權證
710388,亞東RM,WW,認購售權證
710389,國票TS,WW,認購售權證
71038P,QA元大,WW,認購售權證
710390,日盛UB,WW,認購售權證
710391,日盛UC,WW,認購售權證
710392,R6永豐,WW,認購售權證
710393,R7永豐,WW,認購售權證
710394,R8永豐,WW,認購售權證
710395,亞東RN,WW,認購售權證
710396,統一U3,WW,認購售權證
710397,統一U4,WW,認購售權證
710398,凱基XU,WW,認購售權證
710399,V2富邦,WW,認購售權證
71039P,R9永豐,WW,認購售權證
710400,永昌VP,WW,認購售權證
710401,永昌VQ,WW,認購售權證
710402,QB元大,WW,認購售權證
710403,QC元大,WW,認購售權證
710404,元富TK,WW,認購售權證
710405,元富TL,WW,認購售權證
710406,元富TM,WW,認購售權證
710407,元富TN,WW,認購售權證
710408,日盛UD,WW,認購售權證
710409,S1永豐,WW,認購售權證
71040P,亞東RP,WW,認購售權證
710410,S2永豐,WW,認購售權證
710411,S3永豐,WW,認購售權證
710412,國泰TB,WW,認購售權證
710413,國泰TC,WW,認購售權證
710414,國泰TD,WW,認購售權證
710415,國泰TE,WW,認購售權證
710416,國票TT,WW,認購售權證
710417,康和ZB,WW,認購售權證
710418,統一U5,WW,認購售權證
710419,統一U6,WW,認購售權證
71041P,康和ZC,WW,認購售權證
710420,統一U7,WW,認購售權證
710421,統一U8,WW,認購售權證
710422,凱基XW,WW,認購售權證
710423,凱基XX,WW,認購售權證
710424,凱基XY,WW,認購售權證
710425,V3富邦,WW,認購售權證
710426,中信QE,WW,認購售權證
710427,中信QF,WW,認購售權證
710428,QE元大,WW,認購售權證
710429,元富TP,WW,認購售權證
71042P,統一U9,WW,認購售權證
710430,元富TR,WW,認購售權證
710431,日盛UE,WW,認購售權證
710432,日盛UF,WW,認購售權證
710433,S4永豐,WW,認購售權證
710434,玉山P5,WW,認購售權證
710435,兆豐RA,WW,認購售權證
710436,康和ZD,WW,認購售權證
710437,T3第一,WW,認購售權證
710438,T4第一,WW,認購售權證
710439,統一V2,WW,認購售權證
71043P,統一V1,WW,認購售權證
710440,凱基YA,WW,認購售權證
710441,凱基YB,WW,認購售權證
710442,凱基YC,WW,認購售權證
710443,W2群益,WW,認購售權證
710444,QF元大,WW,認購售權證
710445,QG元大,WW,認購售權證
710446,元富TS,WW,認購售權證
710447,元富TT,WW,認購售權證
710448,S5永豐,WW,認購售權證
710449,S6永豐,WW,認購售權證
71044P,凱基XV,WW,認購售權證
710450,兆豐RB,WW,認購售權證
710451,國泰TF,WW,認購售權證
710452,國泰TG,WW,認購售權證
710453,國泰TH,WW,認購售權證
710454,康和ZE,WW,認購售權證
710455,凱基YD,WW,認購售權證
710456,V4富邦,WW,認購售權證
710457,V5富邦,WW,認購售權證
710458,W4群益,WW,認購售權證
710459,W5群益,WW,認購售權證
71045P,QD元大,WW,認購售權證
710460,W6群益,WW,認購售權證
710461,QJ元大,WW,認購售權證
710462,元富TU,WW,認購售權證
710463,元富TV,WW,認購售權證
710464,元富TW,WW,認購售權證
710465,元富TX,WW,認購售權證
710466,元富TY,WW,認購售權證
710467,元富TZ,WW,認購售權證
710468,元富UA,WW,認購售權證
710469,日盛UH,WW,認購售權證
71046P,元富TQ,WW,認購售權證
710470,S7永豐,WW,認購售權證
710471,兆豐RC,WW,認購售權證
710472,T5第一,WW,認購售權證
710473,統一V3,WW,認購售權證
710474,凱基YE,WW,認購售權證
710475,永昌VR,WW,認購售權證
710476,QL元大,WW,認購售權證
710477,QM元大,WW,認購售權證
710478,QN元大,WW,認購售權證
710479,QP元大,WW,認購售權證
71047P,凱基XZ,WW,認購售權證
710480,玉山P6,WW,認購售權證
710481,國泰TK,WW,認購售權證
710482,康和ZF,WW,認購售權證
710483,T6第一,WW,認購售權證
710484,統一V4,WW,認購售權證
710485,統一V5,WW,認購售權證
710486,凱基YF,WW,認購售權證
710487,V6富邦,WW,認購售權證
710488,W7群益,WW,認購售權證
710489,W8群益,WW,認購售權證
71048P,W3群益,WW,認購售權證
710490,QQ元大,WW,認購售權證
710491,元富UF,WW,認購售權證
710492,元富UG,WW,認購售權證
710493,元富UH,WW,認購售權證
710494,元富UJ,WW,認購售權證
710495,元富UK,WW,認購售權證
710496,S9永豐,WW,認購售權證
710497,T1永豐,WW,認購售權證
710498,兆豐RE,WW,認購售權證
710499,兆豐RF,WW,認購售權證
71049P,QH元大,WW,認購售權證
710500,國泰TM,WW,認購售權證
710501,國泰TN,WW,認購售權證
710502,T7第一,WW,認購售權證
710503,統一V6,WW,認購售權證
710504,凱基YG,WW,認購售權證
710505,凱基YH,WW,認購售權證
710506,V7富邦,WW,認購售權證
710507,V8富邦,WW,認購售權證
710508,元富UM,WW,認購售權證
710509,元富UN,WW,認購售權證
71050P,日盛UG,WW,認購售權證
710510,元富UR,WW,認購售權證
710511,日盛UK,WW,認購售權證
710512,日盛UL,WW,認購售權證
710513,日盛UM,WW,認購售權證
710514,T2永豐,WW,認購售權證
710515,T3永豐,WW,認購售權證
710516,T4永豐,WW,認購售權證
710517,T5永豐,WW,認購售權證
710518,T6永豐,WW,認購售權證
710519,兆豐RG,WW,認購售權證
71051P,QK元大,WW,認購售權證
710520,亞東RQ,WW,認購售權證
710521,國泰TP,WW,認購售權證
710522,T8第一,WW,認購售權證
710523,T9第一,WW,認購售權證
710524,統一V7,WW,認購售權證
710525,統一V8,WW,認購售權證
710526,統一V9,WW,認購售權證
710527,統一W1,WW,認購售權證
710528,凱基YJ,WW,認購售權證
710529,凱基YK,WW,認購售權證
71052P,元富UB,WW,認購售權證
710530,凱基YL,WW,認購售權證
710531,V9富邦,WW,認購售權證
710532,W1富邦,WW,認購售權證
710533,永昌VS,WW,認購售權證
710534,永昌VT,WW,認購售權證
710535,QS元大,WW,認購售權證
710536,QT元大,WW,認購售權證
710537,元富US,WW,認購售權證
710538,元富UT,WW,認購售權證
710539,日盛UN,WW,認購售權證
71053P,元富UC,WW,認購售權證
710540,T7永豐,WW,認購售權證
710541,T8永豐,WW,認購售權證
710542,兆豐RH,WW,認購售權證
710543,U1第一,WW,認購售權證
710544,統一W2,WW,認購售權證
710545,統一W3,WW,認購售權證
710546,統一W4,WW,認購售權證
710547,W2富邦,WW,認購售權證
710548,W3富邦,WW,認購售權證
710549,永昌VU,WW,認購售權證
71054P,兆豐RD,WW,認購售權證
710550,QU元大,WW,認購售權證
710551,元富UV,WW,認購售權證
710552,元富UW,WW,認購售權證
710553,元富UX,WW,認購售權證
710554,元富UY,WW,認購售權證
710555,日盛UP,WW,認購售權證
710556,日盛UQ,WW,認購售權證
710557,T9永豐,WW,認購售權證
710558,U1永豐,WW,認購售權證
710559,兆豐RJ,WW,認購售權證
71055P,元富UD,WW,認購售權證
710560,兆豐RK,WW,認購售權證
710561,兆豐RL,WW,認購售權證
710562,U2第一,WW,認購售權證
710563,U3第一,WW,認購售權證
710564,凱基YM,WW,認購售權證
710565,凱基YN,WW,認購售權證
710566,凱基YP,WW,認購售權證
710567,凱基YQ,WW,認購售權證
710568,凱基YR,WW,認購售權證
710569,凱基YS,WW,認購售權證
71056P,元富UE,WW,認購售權證
710570,群益PB,WW,認購售權證
710571,中信QG,WW,認購售權證
710572,QW元大,WW,認購售權證
710573,日盛UR,WW,認購售權證
710574,日盛US,WW,認購售權證
710575,U2永豐,WW,認購售權證
710576,U3永豐,WW,認購售權證
710577,U4永豐,WW,認購售權證
710578,U5永豐,WW,認購售權證
710579,玉山P7,WW,認購售權證
71057P,S8永豐,WW,認購售權證
710580,兆豐RM,WW,認購售權證
710581,國泰TR,WW,認購售權證
710582,統一W5,WW,認購售權證
710583,凱基YT,WW,認購售權證
710584,群益PD,WW,認購售權證
710585,群益PE,WW,認購售權證
710586,群益PF,WW,認購售權證
710587,QX元大,WW,認購售權證
710588,元富UZ,WW,認購售權證
710589,元富VA,WW,認購售權證
71058P,國泰TJ,WW,認購售權證
710590,元富VB,WW,認購售權證
710591,日盛UT,WW,認購售權證
710592,U6永豐,WW,認購售權證
710593,U7永豐,WW,認購售權證
710594,U8永豐,WW,認購售權證
710595,U9永豐,WW,認購售權證
710596,V1永豐,WW,認購售權證
710597,V2永豐,WW,認購售權證
710598,兆豐RN,WW,認購售權證
710599,亞東RR,WW,認購售權證
71059P,QR元大,WW,認購售權證
710600,統一W6,WW,認購售權證
710601,凱基YV,WW,認購售權證
710602,群益PG,WW,認購售權證
710603,群益PH,WW,認購售權證
710604,群益PJ,WW,認購售權證
710605,群益PK,WW,認購售權證
710606,群益PM,WW,認購售權證
710607,群益PP,WW,認購售權證
710608,中信QH,WW,認購售權證
710609,QZ元大,WW,認購售權證
71060P,日盛UJ,WW,認購售權證
710610,RA元大,WW,認購售權證
710611,元富VD,WW,認購售權證
710612,V3永豐,WW,認購售權證
710613,V4永豐,WW,認購售權證
710614,兆豐RP,WW,認購售權證
710615,統一W7,WW,認購售權證
710616,凱基YW,WW,認購售權證
710617,W4富邦,WW,認購售權證
710618,RB元大,WW,認購售權證
710619,日盛UU,WW,認購售權證
71061P,國泰TL,WW,認購售權證
710620,V5永豐,WW,認購售權證
710621,V6永豐,WW,認購售權證
710622,V7永豐,WW,認購售權證
710623,V8永豐,WW,認購售權證
710624,V9永豐,WW,認購售權證
710625,國泰TS,WW,認購售權證
710626,國泰TT,WW,認購售權證
710627,群益PQ,WW,認購售權證
710628,群益PR,WW,認購售權證
710629,群益PS,WW,認購售權證
71062P,國票TU,WW,認購售權證
710630,RD元大,WW,認購售權證
710631,RE元大,WW,認購售權證
710632,元富VE,WW,認購售權證
710633,元富VF,WW,認購售權證
710634,日盛UW,WW,認購售權證
710635,日盛UX,WW,認購售權證
710636,W1永豐,WW,認購售權證
710637,兆豐RQ,WW,認購售權證
710638,統一W8,WW,認購售權證
710639,凱基YX,WW,認購售權證
71063P,W9群益,WW,認購售權證
710640,凱基YY,WW,認購售權證
710641,W5富邦,WW,認購售權證
710642,中信QJ,WW,認購售權證
710643,RF元大,WW,認購售權證
710644,元富VG,WW,認購售權證
710645,日盛UY,WW,認購售權證
710646,日盛UZ,WW,認購售權證
710647,日盛VA,WW,認購售權證
710648,W2永豐,WW,認購售權證
710649,W3永豐,WW,認購售權證
71064P,元富UL,WW,認購售權證
710650,玉山P8,WW,認購售權證
710651,玉山P9,WW,認購售權證
710652,兆豐RR,WW,認購售權證
710653,國票TV,WW,認購售權證
710654,U4第一,WW,認購售權證
710655,統一W9,WW,認購售權證
710656,凱基YZ,WW,認購售權證
710657,凱基ZA,WW,認購售權證
710658,W6富邦,WW,認購售權證
710659,永昌VV,WW,認購售權證
71065P,元富UP,WW,認購售權證
710660,永昌VW,WW,認購售權證
710661,永昌VX,WW,認購售權證
710662,群益PT,WW,認購售權證
710663,中信QK,WW,認購售權證
710664,RH元大,WW,認購售權證
710665,RJ元大,WW,認購售權證
710666,元富VH,WW,認購售權證
710667,日盛VB,WW,認購售權證
710668,日盛VC,WW,認購售權證
710669,W4永豐,WW,認購售權證
71066P,元富UQ,WW,認購售權證
710670,W5永豐,WW,認購售權證
710671,W6永豐,WW,認購售權證
710672,W7永豐,WW,認購售權證
710673,兆豐RS,WW,認購售權證
710674,國票TW,WW,認購售權證
710675,U5第一,WW,認購售權證
710676,凱基ZC,WW,認購售權證
710677,W8富邦,WW,認購售權證
710678,W9富邦,WW,認購售權證
710679,永昌VY,WW,認購售權證
71067P,群益PA,WW,認購售權證
710680,群益PU,WW,認購售權證
710681,群益PV,WW,認購售權證
710682,群益PW,WW,認購售權證
710683,群益PX,WW,認購售權證
710684,RL元大,WW,認購售權證
710685,RM元大,WW,認購售權證
710686,元富VK,WW,認購售權證
710687,元富VL,WW,認購售權證
710688,日盛VD,WW,認購售權證
710689,日盛VE,WW,認購售權證
71068P,QV元大,WW,認購售權證
710690,W8永豐,WW,認購售權證
710691,國泰TV,WW,認購售權證
710692,U6第一,WW,認購售權證
710693,統一X1,WW,認購售權證
710694,統一X2,WW,認購售權證
710695,統一X3,WW,認購售權證
710696,統一X4,WW,認購售權證
710697,群益PY,WW,認購售權證
710698,RN元大,WW,認購售權證
710699,RP元大,WW,認購售權證
71069P,元富UU,WW,認購售權證
710700,RQ元大,WW,認購售權證
710701,元富VM,WW,認購售權證
710702,元富VN,WW,認購售權證
710703,日盛VF,WW,認購售權證
710704,日盛VG,WW,認購售權證
710705,工銀T8,WW,認購售權證
710706,W9永豐,WW,認購售權證
710707,兆豐RU,WW,認購售權證
710708,國泰TW,WW,認購售權證
710709,統一X5,WW,認購售權證
71070P,群益PC,WW,認購售權證
710710,凱基ZD,WW,認購售權證
710711,凱基ZE,WW,認購售權證
710712,凱基ZF,WW,認購售權證
710713,PB富邦,WW,認購售權證
710714,中信QL,WW,認購售權證
710715,RR元大,WW,認購售權證
710716,RS元大,WW,認購售權證
710717,RT元大,WW,認購售權證
710718,元富VP,WW,認購售權證
710719,元富VS,WW,認購售權證
71071P,國泰TQ,WW,認購售權證
710720,日盛VJ,WW,認購售權證
710721,日盛VK,WW,認購售權證
710722,X1永豐,WW,認購售權證
710723,X2永豐,WW,認購售權證
710724,兆豐RV,WW,認購售權證
710725,U7第一,WW,認購售權證
710726,U8第一,WW,認購售權證
710727,中信QM,WW,認購售權證
710728,RU元大,WW,認購售權證
710729,元富VT,WW,認購售權證
71072P,凱基YU,WW,認購售權證
710730,日盛VL,WW,認購售權證
710731,X3永豐,WW,認購售權證
710732,兆豐RW,WW,認購售權證
710733,國泰PI,WW,認購售權證
710734,國泰TX,WW,認購售權證
710735,國票TX,WW,認購售權證
710736,U9第一,WW,認購售權證
710737,V1第一,WW,認購售權證
710738,群益PZ,WW,認購售權證
710739,群益QA,WW,認購售權證
71073P,QY元大,WW,認購售權證
710740,群益QB,WW,認購售權證
710741,RV元大,WW,認購售權證
710742,元富VU,WW,認購售權證
710743,日盛VM,WW,認購售權證
710744,日盛VN,WW,認購售權證
710745,X4永豐,WW,認購售權證
710746,X5永豐,WW,認購售權證
710747,X6永豐,WW,認購售權證
710748,玉山Q1,WW,認購售權證
710749,康和ZI,WW,認購售權證
71074P,元富VC,WW,認購售權證
710750,統一X6,WW,認購售權證
710751,凱基ZG,WW,認購售權證
710752,永昌VZ,WW,認購售權證
710753,永昌WA,WW,認購售權證
710754,永昌WB,WW,認購售權證
710755,群益QD,WW,認購售權證
710756,群益QE,WW,認購售權證
710757,群益QF,WW,認購售權證
710758,元富VX,WW,認購售權證
710759,元富VY,WW,認購售權證
71075P,亞東RS,WW,認購售權證
710760,日盛VP,WW,認購售權證
710761,日盛VQ,WW,認購售權證
710762,日盛VT,WW,認購售權證
710763,日盛VU,WW,認購售權證
710764,日盛VW,WW,認購售權證
710765,工銀T9,WW,認購售權證
710766,X7永豐,WW,認購售權證
710767,國泰QI,WW,認購售權證
710768,國票TY,WW,認購售權證
710769,康和ZJ,WW,認購售權證
71076P,群益PL,WW,認購售權證
710770,統一X7,WW,認購售權證
710771,統一X8,WW,認購售權證
710772,統一X9,WW,認購售權證
710773,統一Y1,WW,認購售權證
710774,凱基ZJ,WW,認購售權證
710775,凱基ZK,WW,認購售權證
710776,永昌WC,WW,認購售權證
710777,群益QG,WW,認購售權證
710778,群益QH,WW,認購售權證
710779,RZ元大,WW,認購售權證
71077P,群益PN,WW,認購售權證
710780,SA元大,WW,認購售權證
710781,SB元大,WW,認購售權證
710782,SC元大,WW,認購售權證
710783,SD元大,WW,認購售權證
710784,元富VV,WW,認購售權證
710785,X8永豐,WW,認購售權證
710786,國票TZ,WW,認購售權證
710787,國票UA,WW,認購售權證
710788,統一Y2,WW,認購售權證
710789,群益QJ,WW,認購售權證
71078P,RC元大,WW,認購售權證
710790,SE元大,WW,認購售權證
710791,SF元大,WW,認購售權證
710792,SG元大,WW,認購售權證
710793,元富VZ,WW,認購售權證
710794,元富WA,WW,認購售權證
710795,日盛VX,WW,認購售權證
710796,兆豐RX,WW,認購售權證
710797,國票UB,WW,認購售權證
710798,國票UC,WW,認購售權證
710799,統一Y3,WW,認購售權證
71079P,國泰TU,WW,認購售權證
710800,凱基ZM,WW,認購售權證
710801,凱基ZN,WW,認購售權證
710802,SJ元大,WW,認購售權證
710803,SK元大,WW,認購售權證
710804,SL元大,WW,認購售權證
710805,SM元大,WW,認購售權證
710806,元富WC,WW,認購售權證
710807,日盛VY,WW,認購售權證
710808,日盛VZ,WW,認購售權證
710809,日盛WA,WW,認購售權證
71080P,RG元大,WW,認購售權證
710810,日盛WB,WW,認購售權證
710811,X9永豐,WW,認購售權證
710812,Y1永豐,WW,認購售權證
710813,兆豐RY,WW,認購售權證
710814,國泰TI,WW,認購售權證
710815,國票UE,WW,認購售權證
710816,康和ZK,WW,認購售權證
710817,康和ZL,WW,認購售權證
710818,康和ZM,WW,認購售權證
710819,統一Y4,WW,認購售權證
71081P,W7富邦,WW,認購售權證
710820,統一Y5,WW,認購售權證
710821,凱基ZP,WW,認購售權證
710822,凱基ZQ,WW,認購售權證
710823,PD富邦,WW,認購售權證
710824,大眾VY,WW,認購售權證
710825,中信QN,WW,認購售權證
710826,中信QP,WW,認購售權證
710827,SP元大,WW,認購售權證
710828,SQ元大,WW,認購售權證
710829,SR元大,WW,認購售權證
71082P,元富VJ,WW,認購售權證
710830,SS元大,WW,認購售權證
710831,ST元大,WW,認購售權證
710832,SU元大,WW,認購售權證
710833,SV元大,WW,認購售權證
710834,元富WE,WW,認購售權證
710835,元富WF,WW,認購售權證
710836,元富WG,WW,認購售權證
710837,Y2永豐,WW,認購售權證
710838,Y3永豐,WW,認購售權證
710839,玉山Q2,WW,認購售權證
71083P,兆豐RT,WW,認購售權證
710840,V2第一,WW,認購售權證
710841,凱基ZS,WW,認購售權證
710842,凱基ZT,WW,認購售權證
710843,群益QK,WW,認購售權證
710844,群益QL,WW,認購售權證
710845,SW元大,WW,認購售權證
710846,SX元大,WW,認購售權證
710847,SY元大,WW,認購售權證
710848,SZ元大,WW,認購售權證
710849,TA元大,WW,認購售權證
71084P,亞東RT,WW,認購售權證
710850,TB元大,WW,認購售權證
710851,TC元大,WW,認購售權證
710852,TD元大,WW,認購售權證
710853,TE元大,WW,認購售權證
710854,元富WH,WW,認購售權證
710855,Y4永豐,WW,認購售權證
710856,Y5永豐,WW,認購售權證
710857,國泰UI,WW,認購售權證
710858,國票UF,WW,認購售權證
710859,國票UG,WW,認購售權證
71085P,凱基ZB,WW,認購售權證
710860,永昌WD,WW,認購售權證
710861,永昌WE,WW,認購售權證
710862,群益QM,WW,認購售權證
710863,TF元大,WW,認購售權證
710864,TG元大,WW,認購售權證
710865,TH元大,WW,認購售權證
710866,TJ元大,WW,認購售權證
710867,元富WK,WW,認購售權證
710868,日盛WD,WW,認購售權證
710869,日盛WE,WW,認購售權證
71086P,PA富邦,WW,認購售權證
710870,Y6永豐,WW,認購售權證
710871,Y7永豐,WW,認購售權證
710872,國票UH,WW,認購售權證
710873,凱基ZU,WW,認購售權證
710874,凱基ZV,WW,認購售權證
710875,PE富邦,WW,認購售權證
710876,群益QN,WW,認購售權證
710877,TM元大,WW,認購售權證
710878,TN元大,WW,認購售權證
710879,TP元大,WW,認購售權證
71087P,RK元大,WW,認購售權證
710880,TQ元大,WW,認購售權證
710881,TR元大,WW,認購售權證
710882,元富WL,WW,認購售權證
710883,元富WM,WW,認購售權證
710884,日盛WH,WW,認購售權證
710885,Y8永豐,WW,認購售權證
710886,Y9永豐,WW,認購售權證
710887,Z1永豐,WW,認購售權證
710888,兆豐RZ,WW,認購售權證
710889,國泰VI,WW,認購售權證
71088P,日盛VH,WW,認購售權證
710890,V3第一,WW,認購售權證
710891,凱基ZW,WW,認購售權證
710892,PF富邦,WW,認購售權證
710893,PG富邦,WW,認購售權證
710894,群益QP,WW,認購售權證
710895,群益QQ,WW,認購售權證
710896,群益QR,WW,認購售權證
710897,TS元大,WW,認購售權證
710898,TT元大,WW,認購售權證
710899,TU元大,WW,認購售權證
71089P,PC富邦,WW,認購售權證
710900,TV元大,WW,認購售權證
710901,TW元大,WW,認購售權證
710902,TX元大,WW,認購售權證
710903,TY元大,WW,認購售權證
710904,TZ元大,WW,認購售權證
710905,日盛WJ,WW,認購售權證
710906,日盛WL,WW,認購售權證
710907,日盛WM,WW,認購售權證
710908,Z2永豐,WW,認購售權證
710909,兆豐SA,WW,認購售權證
71090P,元富VQ,WW,認購售權證
710910,國票UJ,WW,認購售權證
710911,國票UK,WW,認購售權證
710912,統一Y6,WW,認購售權證
710913,統一Y7,WW,認購售權證
710914,凱基ZX,WW,認購售權證
710915,PH富邦,WW,認購售權證
710916,群益QS,WW,認購售權證
710917,大眾VZ,WW,認購售權證
710918,大眾WA,WW,認購售權證
710919,中信QQ,WW,認購售權證
71091P,元富VR,WW,認購售權證
710920,中信QR,WW,認購售權證
710921,UB元大,WW,認購售權證
710922,UC元大,WW,認購售權證
710923,UD元大,WW,認購售權證
710924,UE元大,WW,認購售權證
710925,UF元大,WW,認購售權證
710926,UG元大,WW,認購售權證
710927,UH元大,WW,認購售權證
710928,UJ元大,WW,認購售權證
710929,UK元大,WW,認購售權證
71092P,康和ZG,WW,認購售權證
710930,UL元大,WW,認購售權證
710931,UM元大,WW,認購售權證
710932,UN元大,WW,認購售權證
710933,UP元大,WW,認購售權證
710934,UQ元大,WW,認購售權證
710935,UR元大,WW,認購售權證
710936,US元大,WW,認購售權證
710937,UT元大,WW,認購售權證
710938,UU元大,WW,認購售權證
710939,UV元大,WW,認購售權證
71093P,群益QC,WW,認購售權證
710940,UW元大,WW,認購售權證
710941,UX元大,WW,認購售權證
710942,UY元大,WW,認購售權證
710943,UZ元大,WW,認購售權證
710944,VA元大,WW,認購售權證
710945,日盛P1,WW,認購售權證
710946,日盛WN,WW,認購售權證
710947,日盛WP,WW,認購售權證
710948,日盛WQ,WW,認購售權證
710949,日盛WR,WW,認購售權證
71094P,RW元大,WW,認購售權證
710950,日盛WS,WW,認購售權證
710951,日盛WT,WW,認購售權證
710952,日盛WU,WW,認購售權證
710953,日盛WV,WW,認購售權證
710954,日盛WW,WW,認購售權證
710955,日盛WX,WW,認購售權證
710956,日盛WY,WW,認購售權證
710957,工銀U1,WW,認購售權證
710958,工銀U2,WW,認購售權證
710959,PA永豐,WW,認購售權證
71095P,凱基ZH,WW,認購售權證
710960,PB永豐,WW,認購售權證
710961,PC永豐,WW,認購售權證
710962,PD永豐,WW,認購售權證
710963,PE永豐,WW,認購售權證
710964,PF永豐,WW,認購售權證
710965,PG永豐,WW,認購售權證
710966,PH永豐,WW,認購售權證
710967,Z3永豐,WW,認購售權證
710968,Z4永豐,WW,認購售權證
710969,Z5永豐,WW,認購售權證
71096P,RX元大,WW,認購售權證
710970,Z6永豐,WW,認購售權證
710971,Z7永豐,WW,認購售權證
710972,Z8永豐,WW,認購售權證
710973,Z9永豐,WW,認購售權證
710974,玉山Q3,WW,認購售權證
710975,兆豐SB,WW,認購售權證
710976,兆豐SC,WW,認購售權證
710977,兆豐SD,WW,認購售權證
710978,兆豐SE,WW,認購售權證
710979,兆豐SF,WW,認購售權證
71097P,RY元大,WW,認購售權證
710980,兆豐SG,WW,認購售權證
710981,兆豐SH,WW,認購售權證
710982,國泰TY,WW,認購售權證
710983,國泰TZ,WW,認購售權證
710984,國泰UA,WW,認購售權證
710985,國泰UB,WW,認購售權證
710986,國泰UC,WW,認購售權證
710987,國票UM,WW,認購售權證
710988,國票UN,WW,認購售權證
710989,國票UP,WW,認購售權證
71098P,元富VW,WW,認購售權證
710990,國票UQ,WW,認購售權證
710991,V4第一,WW,認購售權證
710992,V5第一,WW,認購售權證
710993,V6第一,WW,認購售權證
710994,統一Y8,WW,認購售權證
710995,統一Y9,WW,認購售權證
710996,統一Z1,WW,認購售權證
710997,統一Z2,WW,認購售權證
710998,統一Z3,WW,認購售權證
710999,統一Z4,WW,認購售權證
71099P,日盛VV,WW,認購售權證
711000,統一Z5,WW,認購售權證
711001,凱基P1,WW,認購售權證
711002,凱基P2,WW,認購售權證
711003,凱基P3,WW,認購售權證
711004,凱基P4,WW,認購售權證
711005,凱基P5,WW,認購售權證
711006,凱基P6,WW,認購售權證
711007,凱基P7,WW,認購售權證
711008,凱基P8,WW,認購售權證
711009,凱基P9,WW,認購售權證
71100P,國泰RI,WW,認購售權證
711010,凱基Q1,WW,認購售權證
711011,凱基ZY,WW,認購售權證
711012,凱基ZZ,WW,認購售權證
711013,群益QT,WW,認購售權證
711014,群益QU,WW,認購售權證
711015,群益QV,WW,認購售權證
711016,PJ富邦,WW,認購售權證
711017,PK富邦,WW,認購售權證
711018,PL富邦,WW,認購售權證
711019,PM富邦,WW,認購售權證
71101P,凱基ZL,WW,認購售權證
711020,PP富邦,WW,認購售權證
711021,PQ富邦,WW,認購售權證
711022,PR富邦,WW,認購售權證
711023,PS富邦,WW,認購售權證
711024,PT富邦,WW,認購售權證
711025,PU富邦,WW,認購售權證
711026,PV富邦,WW,認購售權證
711027,PW富邦,WW,認購售權證
711028,元富WR,WW,認購售權證
711029,元富WS,WW,認購售權證
71102P,SH元大,WW,認購售權證
711030,元富WT,WW,認購售權證
711031,元富WU,WW,認購售權證
711032,元富WV,WW,認購售權證
711033,元富WW,WW,認購售權證
711034,元富WX,WW,認購售權證
711035,元富WY,WW,認購售權證
711036,元富WZ,WW,認購售權證
711037,元富XA,WW,認購售權證
711038,元富XB,WW,認購售權證
711039,元富XC,WW,認購售權證
71103P,元富WB,WW,認購售權證
711040,元富XD,WW,認購售權證
711041,元富XE,WW,認購售權證
711042,元富XF,WW,認購售權證
711043,元富XG,WW,認購售權證
711044,元富XH,WW,認購售權證
711045,中信QS,WW,認購售權證
711046,中信QT,WW,認購售權證
711047,VD元大,WW,認購售權證
711048,VE元大,WW,認購售權證
711049,VF元大,WW,認購售權證
71104P,日盛WC,WW,認購售權證
711050,VG元大,WW,認購售權證
711051,VH元大,WW,認購售權證
711052,VJ元大,WW,認購售權證
711053,VK元大,WW,認購售權證
711054,VL元大,WW,認購售權證
711055,VM元大,WW,認購售權證
711056,VN元大,WW,認購售權證
711057,VP元大,WW,認購售權證
711058,VQ元大,WW,認購售權證
711059,VR元大,WW,認購售權證
71105P,國泰SI,WW,認購售權證
711060,VS元大,WW,認購售權證
711061,VT元大,WW,認購售權證
711062,VU元大,WW,認購售權證
711063,VV元大,WW,認購售權證
711064,VW元大,WW,認購售權證
711065,元富XJ,WW,認購售權證
711066,元富XK,WW,認購售權證
711067,元富XL,WW,認購售權證
711068,元富XM,WW,認購售權證
711069,元富XN,WW,認購售權證
71106P,國票UD,WW,認購售權證
711070,日盛P2,WW,認購售權證
711071,日盛P3,WW,認購售權證
711072,PI永豐,WW,認購售權證
711073,PJ永豐,WW,認購售權證
711074,PK永豐,WW,認購售權證
711075,PL永豐,WW,認購售權證
711076,PM永豐,WW,認購售權證
711077,PN永豐,WW,認購售權證
711078,PP永豐,WW,認購售權證
711079,PQ永豐,WW,認購售權證
71107P,康和ZN,WW,認購售權證
711080,PR永豐,WW,認購售權證
711081,PS永豐,WW,認購售權證
711082,PT永豐,WW,認購售權證
711083,PU永豐,WW,認購售權證
711084,兆豐SJ,WW,認購售權證
711085,國泰UD,WW,認購售權證
711086,國泰UE,WW,認購售權證
711087,國泰UF,WW,認購售權證
711088,國票UR,WW,認購售權證
711089,國票US,WW,認購售權證
71108P,凱基ZR,WW,認購售權證
711090,V7第一,WW,認購售權證
711091,統一Z6,WW,認購售權證
711092,統一Z7,WW,認購售權證
711093,統一Z8,WW,認購售權證
711094,凱基Q3,WW,認購售權證
711095,凱基Q4,WW,認購售權證
711096,凱基Q5,WW,認購售權證
711097,凱基Q6,WW,認購售權證
711098,凱基Q7,WW,認購售權證
711099,凱基Q8,WW,認購售權證
71109P,SN元大,WW,認購售權證
711100,PX富邦,WW,認購售權證
711101,PY富邦,WW,認購售權證
711102,PZ富邦,WW,認購售權證
711103,永昌WF,WW,認購售權證
711104,永昌WG,WW,認購售權證
711105,永昌WH,WW,認購售權證
711106,群益QX,WW,認購售權證
711107,群益QY,WW,認購售權證
711108,群益QZ,WW,認購售權證
711109,群益RA,WW,認購售權證
71110P,元富WD,WW,認購售權證
711110,群益RB,WW,認購售權證
711111,群益RC,WW,認購售權證
711112,群益RD,WW,認購售權證
711113,群益RE,WW,認購售權證
711114,群益RF,WW,認購售權證
711115,康和ZQ,WW,認購售權證
711116,康和ZR,WW,認購售權證
711117,康和ZS,WW,認購售權證
711118,康和ZT,WW,認購售權證
711119,康和ZU,WW,認購售權證
71111P,元富WJ,WW,認購售權證
711120,康和ZV,WW,認購售權證
711121,康和ZW,WW,認購售權證
711122,康和ZX,WW,認購售權證
711123,WA元大,WW,認購售權證
711124,WB元大,WW,認購售權證
711125,WC元大,WW,認購售權證
711126,元富XP,WW,認購售權證
711127,日盛P4,WW,認購售權證
711128,日盛P5,WW,認購售權證
711129,PV永豐,WW,認購售權證
71112P,TK元大,WW,認購售權證
711130,PW永豐,WW,認購售權證
711131,PX永豐,WW,認購售權證
711132,PY永豐,WW,認購售權證
711133,QB永豐,WW,認購售權證
711134,兆豐SK,WW,認購售權證
711135,V8第一,WW,認購售權證
711136,統一Z9,WW,認購售權證
711137,統一PA,WW,認購售權證
711138,統一PB,WW,認購售權證
711139,凱基Q9,WW,認購售權證
71113P,TL元大,WW,認購售權證
711140,凱基R1,WW,認購售權證
711141,凱基R2,WW,認購售權證
711142,凱基R4,WW,認購售權證
711143,凱基R5,WW,認購售權證
711144,QA富邦,WW,認購售權證
711145,QB富邦,WW,認購售權證
711146,QC富邦,WW,認購售權證
711147,永昌WJ,WW,認購售權證
711148,群益RG,WW,認購售權證
711149,群益RH,WW,認購售權證
71114P,元富WN,WW,認購售權證
711150,群益RJ,WW,認購售權證
711151,群益RK,WW,認購售權證
711152,群益RM,WW,認購售權證
711153,群益RN,WW,認購售權證
711154,群益RP,WW,認購售權證
711155,中信QV,WW,認購售權證
711156,WF元大,WW,認購售權證
711157,WG元大,WW,認購售權證
711158,WH元大,WW,認購售權證
711159,WJ元大,WW,認購售權證
71115P,元富WP,WW,認購售權證
711160,元富XR,WW,認購售權證
711161,元富XS,WW,認購售權證
711162,元富XT,WW,認購售權證
711163,元富XU,WW,認購售權證
711164,日盛P6,WW,認購售權證
711165,QC永豐,WW,認購售權證
711166,QD永豐,WW,認購售權證
711167,兆豐SL,WW,認購售權證
711168,兆豐SM,WW,認購售權證
711169,國泰UG,WW,認購售權證
71116P,日盛WF,WW,認購售權證
711170,康和ZY,WW,認購售權證
711171,康和ZZ,WW,認購售權證
711172,V9第一,WW,認購售權證
711173,統一PC,WW,認購售權證
711174,凱基R6,WW,認購售權證
711175,凱基R7,WW,認購售權證
711176,凱基R8,WW,認購售權證
711177,凱基R9,WW,認購售權證
711178,凱基S1,WW,認購售權證
711179,凱基S2,WW,認購售權證
71117P,康和ZP,WW,認購售權證
711180,QD富邦,WW,認購售權證
711181,QE富邦,WW,認購售權證
711182,群益RQ,WW,認購售權證
711183,WM元大,WW,認購售權證
711184,WN元大,WW,認購售權證
711185,WP元大,WW,認購售權證
711186,WQ元大,WW,認購售權證
711187,WR元大,WW,認購售權證
711188,WS元大,WW,認購售權證
711189,WT元大,WW,認購售權證
71118P,UA元大,WW,認購售權證
711190,WU元大,WW,認購售權證
711191,WV元大,WW,認購售權證
711192,元富XV,WW,認購售權證
711193,元富XW,WW,認購售權證
711194,元富XX,WW,認購售權證
711195,日盛P7,WW,認購售權證
711196,日盛P8,WW,認購售權證
711197,日盛P9,WW,認購售權證
711198,QE永豐,WW,認購售權證
711199,QF永豐,WW,認購售權證
71119P,日盛WZ,WW,認購售權證
711200,QG永豐,WW,認購售權證
711201,QH永豐,WW,認購售權證
711202,QI永豐,WW,認購售權證
711203,亞東RU,WW,認購售權證
711204,亞東RV,WW,認購售權證
711205,國票UT,WW,認購售權證
711206,康和PA,WW,認購售權證
711207,康和PB,WW,認購售權證
711208,W1第一,WW,認購售權證
711209,W2第一,WW,認購售權證
71120P,群益QW,WW,認購售權證
711210,統一PD,WW,認購售權證
711211,統一PE,WW,認購售權證
711212,QF富邦,WW,認購售權證
711213,QG富邦,WW,認購售權證
711214,QH富邦,WW,認購售權證
711215,QJ富邦,WW,認購售權證
711216,永昌WK,WW,認購售權證
711217,群益RR,WW,認購售權證
711218,群益RS,WW,認購售權證
711219,群益RT,WW,認購售權證
71121P,元富WQ,WW,認購售權證
711220,群益RU,WW,認購售權證
711221,WY元大,WW,認購售權證
711222,WZ元大,WW,認購售權證
711223,P2元大,WW,認購售權證
711224,P3元大,WW,認購售權證
711225,P4元大,WW,認購售權證
711226,元富XY,WW,認購售權證
711227,元富XZ,WW,認購售權證
711228,元富YA,WW,認購售權證
711229,元富YB,WW,認購售權證
71122P,PN富邦,WW,認購售權證
711230,元富YC,WW,認購售權證
711231,日盛Q1,WW,認購售權證
711232,日盛Q2,WW,認購售權證
711233,日盛Q3,WW,認購售權證
711234,日盛Q4,WW,認購售權證
711235,QJ永豐,WW,認購售權證
711236,QK永豐,WW,認購售權證
711237,QL永豐,WW,認購售權證
711238,QM永豐,WW,認購售權證
711239,QN永豐,WW,認購售權證
71123P,中信QU,WW,認購售權證
711240,兆豐SN,WW,認購售權證
711241,國泰UH,WW,認購售權證
711242,國泰UJ,WW,認購售權證
711243,國泰UK,WW,認購售權證
711244,康和PC,WW,認購售權證
711245,W3第一,WW,認購售權證
711246,凱基S3,WW,認購售權證
711247,凱基S4,WW,認購售權證
711248,凱基S5,WW,認購售權證
711249,凱基S6,WW,認購售權證
71124P,VB元大,WW,認購售權證
711250,凱基S7,WW,認購售權證
711251,QK富邦,WW,認購售權證
711252,QL富邦,WW,認購售權證
711253,QM富邦,WW,認購售權證
711254,QN富邦,WW,認購售權證
711255,QP富邦,WW,認購售權證
711256,QQ富邦,WW,認購售權證
711257,永昌WL,WW,認購售權證
711258,群益RV,WW,認購售權證
711259,群益RW,WW,認購售權證
71125P,VC元大,WW,認購售權證
711260,群益RX,WW,認購售權證
711261,群益RY,WW,認購售權證
711262,中信QW,WW,認購售權證
711263,P5元大,WW,認購售權證
711264,P6元大,WW,認購售權證
711265,QP永豐,WW,認購售權證
711266,國泰UL,WW,認購售權證
711267,凱基S8,WW,認購售權證
711268,凱基S9,WW,認購售權證
711269,凱基T1,WW,認購售權證
71126P,凱基Q2,WW,認購售權證
711270,QS富邦,WW,認購售權證
711271,QT富邦,WW,認購售權證
711272,群益RZ,WW,認購售權證
711273,群益SA,WW,認購售權證
711274,群益SB,WW,認購售權證
711275,元富YF,WW,認購售權證
711276,元富YG,WW,認購售權證
711277,P7元大,WW,認購售權證
711278,P8元大,WW,認購售權證
711279,P9元大,WW,認購售權證
71127P,VX元大,WW,認購售權證
711280,Q1元大,WW,認購售權證
711281,Q2元大,WW,認購售權證
711282,Q3元大,WW,認購售權證
711283,Q4元大,WW,認購售權證
711284,元富YH,WW,認購售權證
711285,日盛Q5,WW,認購售權證
711286,QQ永豐,WW,認購售權證
711287,QR永豐,WW,認購售權證
711288,兆豐SQ,WW,認購售權證
711289,兆豐SR,WW,認購售權證
71128P,VY元大,WW,認購售權證
711290,國泰UM,WW,認購售權證
711291,統一PF,WW,認購售權證
711292,統一PG,WW,認購售權證
711293,凱基T2,WW,認購售權證
711294,凱基T3,WW,認購售權證
711295,凱基T4,WW,認購售權證
711296,QU富邦,WW,認購售權證
711297,QV富邦,WW,認購售權證
711298,QW富邦,WW,認購售權證
711299,群益SD,WW,認購售權證
71129P,VZ元大,WW,認購售權證
711300,群益SE,WW,認購售權證
711301,中信QX,WW,認購售權證
711302,Q8元大,WW,認購售權證
711303,Q9元大,WW,認購售權證
711304,R1元大,WW,認購售權證
711305,R2元大,WW,認購售權證
711306,元富YJ,WW,認購售權證
711307,日盛Q6,WW,認購售權證
711308,日盛Q7,WW,認購售權證
711309,QT永豐,WW,認購售權證
71130P,元富XQ,WW,認購售權證
711310,QU永豐,WW,認購售權證
711311,QV永豐,WW,認購售權證
711312,QW永豐,WW,認購售權證
711313,兆豐SS,WW,認購售權證
711314,兆豐ST,WW,認購售權證
711315,統一PH,WW,認購售權證
711316,凱基T5,WW,認購售權證
711317,凱基T6,WW,認購售權證
711318,QY富邦,WW,認購售權證
711319,QZ富邦,WW,認購售權證
71131P,PZ永豐,WW,認購售權證
711320,RA富邦,WW,認購售權證
711321,群益SF,WW,認購售權證
711322,R5元大,WW,認購售權證
711323,R6元大,WW,認購售權證
711324,R7元大,WW,認購售權證
711325,R8元大,WW,認購售權證
711326,R9元大,WW,認購售權證
711327,元富YK,WW,認購售權證
711328,元富YL,WW,認購售權證
711329,元富YM,WW,認購售權證
71132P,QA永豐,WW,認購售權證
711330,日盛Q8,WW,認購售權證
711331,QX永豐,WW,認購售權證
711332,統一PJ,WW,認購售權證
711333,凱基T7,WW,認購售權證
711334,凱基T8,WW,認購售權證
711335,凱基T9,WW,認購售權證
711336,凱基U1,WW,認購售權證
711337,群益SG,WW,認購售權證
711338,群益SH,WW,認購售權證
711339,中信QY,WW,認購售權證
71133P,凱基R3,WW,認購售權證
711340,S1元大,WW,認購售權證
711341,S2元大,WW,認購售權證
711342,S3元大,WW,認購售權證
711343,S4元大,WW,認購售權證
711344,S5元大,WW,認購售權證
711345,元富YP,WW,認購售權證
711346,元富YQ,WW,認購售權證
711347,日盛Q9,WW,認購售權證
711348,QY永豐,WW,認購售權證
711349,QZ永豐,WW,認購售權證
71134P,群益RL,WW,認購售權證
711350,RA永豐,WW,認購售權證
711351,國泰UN,WW,認購售權證
711352,國票UU,WW,認購售權證
711353,統一PK,WW,認購售權證
711354,RB富邦,WW,認購售權證
711355,群益SJ,WW,認購售權證
711356,群益SK,WW,認購售權證
711357,群益SL,WW,認購售權證
711358,群益SM,WW,認購售權證
711359,群益SN,WW,認購售權證
71135P,WD元大,WW,認購售權證
711360,中信QZ,WW,認購售權證
711361,T1元大,WW,認購售權證
711362,T2元大,WW,認購售權證
711363,T3元大,WW,認購售權證
711364,T4元大,WW,認購售權證
711365,元富YR,WW,認購售權證
711366,日盛R1,WW,認購售權證
711367,日盛R2,WW,認購售權證
711368,日盛R3,WW,認購售權證
711369,國泰UP,WW,認購售權證
71136P,WE元大,WW,認購售權證
711370,國票UW,WW,認購售權證
711371,康和PE,WW,認購售權證
711372,康和PF,WW,認購售權證
711373,凱基U2,WW,認購售權證
711374,群益SQ,WW,認購售權證
711375,T7元大,WW,認購售權證
711376,T8元大,WW,認購售權證
711377,日盛R4,WW,認購售權證
711378,RB永豐,WW,認購售權證
711379,兆豐SU,WW,認購售權證
71137P,WK元大,WW,認購售權證
711380,兆豐SV,WW,認購售權證
711381,兆豐SW,WW,認購售權證
711382,兆豐SX,WW,認購售權證
711383,兆豐SY,WW,認購售權證
711384,兆豐SZ,WW,認購售權證
711385,國泰UQ,WW,認購售權證
711386,康和PG,WW,認購售權證
711387,統一PL,WW,認購售權證
711388,凱基U3,WW,認購售權證
711389,RC富邦,WW,認購售權證
71138P,WL元大,WW,認購售權證
711390,群益SR,WW,認購售權證
711391,群益SS,WW,認購售權證
711392,U3元大,WW,認購售權證
711393,U4元大,WW,認購售權證
711394,U5元大,WW,認購售權證
711395,U6元大,WW,認購售權證
711396,V4元大,WW,認購售權證
711397,元富YT,WW,認購售權證
711398,日盛R5,WW,認購售權證
711399,日盛R6,WW,認購售權證
71139P,WW元大,WW,認購售權證
711400,日盛R7,WW,認購售權證
711401,RC永豐,WW,認購售權證
711402,RD永豐,WW,認購售權證
711403,RE永豐,WW,認購售權證
711404,亞東RW,WW,認購售權證
711405,康和PH,WW,認購售權證
711406,凱基U4,WW,認購售權證
711407,凱基U5,WW,認購售權證
711408,凱基U6,WW,認購售權證
711409,RD富邦,WW,認購售權證
71140P,WX元大,WW,認購售權證
711410,群益ST,WW,認購售權證
711411,U9元大,WW,認購售權證
711412,V1元大,WW,認購售權證
711413,V2元大,WW,認購售權證
711414,V3元大,WW,認購售權證
711415,日盛R8,WW,認購售權證
711416,RG永豐,WW,認購售權證
711417,RH永豐,WW,認購售權證
711418,RI永豐,WW,認購售權證
711419,RJ永豐,WW,認購售權證
71141P,P1元大,WW,認購售權證
711420,RK永豐,WW,認購售權證
711421,兆豐TB,WW,認購售權證
711422,亞東RX,WW,認購售權證
711423,國票UY,WW,認購售權證
711424,凱基U7,WW,認購售權證
711425,中信RA,WW,認購售權證
711426,V6元大,WW,認購售權證
711427,V7元大,WW,認購售權證
711428,V9元大,WW,認購售權證
711429,W1元大,WW,認購售權證
71142P,元富YD,WW,認購售權證
711430,W2元大,WW,認購售權證
711431,元富YW,WW,認購售權證
711432,日盛R9,WW,認購售權證
711433,日盛S1,WW,認購售權證
711434,RL永豐,WW,認購售權證
711435,RM永豐,WW,認購售權證
711436,RN永豐,WW,認購售權證
711437,兆豐TC,WW,認購售權證
711438,兆豐TD,WW,認購售權證
711439,國泰US,WW,認購售權證
71143P,元富YE,WW,認購售權證
711440,國泰UT,WW,認購售權證
711441,國泰UU,WW,認購售權證
711442,凱基U8,WW,認購售權證
711443,凱基U9,WW,認購售權證
711444,凱基V1,WW,認購售權證
711445,凱基V2,WW,認購售權證
711446,凱基V3,WW,認購售權證
711447,RE富邦,WW,認購售權證
711448,群益SU,WW,認購售權證
711449,群益SV,WW,認購售權證
71144P,兆豐SP,WW,認購售權證
711450,群益SW,WW,認購售權證
711451,群益SX,WW,認購售權證
711452,群益SY,WW,認購售權證
711453,群益SZ,WW,認購售權證
711454,群益TA,WW,認購售權證
711455,群益TB,WW,認購售權證
711456,群益TC,WW,認購售權證
711457,群益TD,WW,認購售權證
711458,中信RB,WW,認購售權證
711459,W4元大,WW,認購售權證
71145P,QR富邦,WW,認購售權證
711460,元富YX,WW,認購售權證
711461,元富YY,WW,認購售權證
711462,國泰UV,WW,認購售權證
711463,群益TE,WW,認購售權證
711464,群益TF,WW,認購售權證
711465,W5元大,WW,認購售權證
711466,元富ZB,WW,認購售權證
711467,日盛S2,WW,認購售權證
711468,日盛S3,WW,認購售權證
711469,日盛S4,WW,認購售權證
71146P,群益SC,WW,認購售權證
711470,工銀U3,WW,認購售權證
711471,RP永豐,WW,認購售權證
711472,RQ永豐,WW,認購售權證
711473,RR永豐,WW,認購售權證
711474,國泰UW,WW,認購售權證
711475,國票UZ,WW,認購售權證
711476,凱基V4,WW,認購售權證
711477,永昌WM,WW,認購售權證
711478,群益TG,WW,認購售權證
711479,群益TH,WW,認購售權證
71147P,Q5元大,WW,認購售權證
711480,W6元大,WW,認購售權證
711481,W7元大,WW,認購售權證
711482,元富ZC,WW,認購售權證
711483,元富ZD,WW,認購售權證
711484,日盛S5,WW,認購售權證
711485,日盛S6,WW,認購售權證
711486,日盛S7,WW,認購售權證
711487,日盛S8,WW,認購售權證
711488,RS永豐,WW,認購售權證
711489,RT永豐,WW,認購售權證
71148P,QS永豐,WW,認購售權證
711490,RU永豐,WW,認購售權證
711491,RV永豐,WW,認購售權證
711492,RW永豐,WW,認購售權證
711493,RX永豐,WW,認購售權證
711494,RY永豐,WW,認購售權證
711495,RZ永豐,WW,認購售權證
711496,兆豐TF,WW,認購售權證
711497,兆豐TG,WW,認購售權證
711498,兆豐TH,WW,認購售權證
711499,兆豐TJ,WW,認購售權證
71149P,QX富邦,WW,認購售權證
711500,W4第一,WW,認購售權證
711501,W5第一,WW,認購售權證
711502,統一PM,WW,認購售權證
711503,統一PN,WW,認購售權證
711504,凱基V5,WW,認購售權證
711505,凱基V6,WW,認購售權證
711506,凱基V7,WW,認購售權證
711507,RF富邦,WW,認購售權證
711508,永昌WN,WW,認購售權證
711509,群益TK,WW,認購售權證
71150P,Q6元大,WW,認購售權證
711510,群益TL,WW,認購售權證
711511,群益TM,WW,認購售權證
711512,群益TN,WW,認購售權證
711513,W8元大,WW,認購售權證
711514,元富ZE,WW,認購售權證
711515,元富ZF,WW,認購售權證
711516,日盛S9,WW,認購售權證
711517,日盛T1,WW,認購售權證
711518,日盛T2,WW,認購售權證
711519,國票VA,WW,認購售權證
71151P,Q7元大,WW,認購售權證
711520,國票VB,WW,認購售權證
711521,統一PP,WW,認購售權證
711522,統一PQ,WW,認購售權證
711523,統一PR,WW,認購售權證
711524,凱基V8,WW,認購售權證
711525,群益TP,WW,認購售權證
711526,群益TQ,WW,認購售權證
711527,W9元大,WW,認購售權證
711528,元大P1,WW,認購售權證
711529,元富ZG,WW,認購售權證
71152P,R3元大,WW,認購售權證
711530,元富ZH,WW,認購售權證
711531,元富ZJ,WW,認購售權證
711532,元富ZK,WW,認購售權證
711533,元富ZL,WW,認購售權證
711534,SA永豐,WW,認購售權證
711535,SB永豐,WW,認購售權證
711536,兆豐TK,WW,認購售權證
711537,國泰UX,WW,認購售權證
711538,康和PI,WW,認購售權證
711539,W6第一,WW,認購售權證
71153P,R4元大,WW,認購售權證
711540,凱基W1,WW,認購售權證
711541,凱基W2,WW,認購售權證
711542,凱基W3,WW,認購售權證
711543,凱基W4,WW,認購售權證
711544,RH富邦,WW,認購售權證
711545,RJ富邦,WW,認購售權證
711546,永昌WP,WW,認購售權證
711547,群益TR,WW,認購售權證
711548,群益TS,WW,認購售權證
711549,群益TT,WW,認購售權證
71154P,元富YN,WW,認購售權證
711550,中信RD,WW,認購售權證
711551,元大P2,WW,認購售權證
711552,元大P3,WW,認購售權證
711553,元大P4,WW,認購售權證
711554,元大P5,WW,認購售權證
711555,元大P6,WW,認購售權證
711556,日盛T4,WW,認購售權證
711557,工銀U5,WW,認購售權證
711558,SC永豐,WW,認購售權證
711559,SD永豐,WW,認購售權證
71155P,康和PD,WW,認購售權證
711560,SE永豐,WW,認購售權證
711561,兆豐TL,WW,認購售權證
711562,兆豐TM,WW,認購售權證
711563,康和PJ,WW,認購售權證
711564,統一PS,WW,認購售權證
711565,凱基W5,WW,認購售權證
711566,凱基W6,WW,認購售權證
711567,凱基W7,WW,認購售權證
711568,凱基W8,WW,認購售權證
711569,RK富邦,WW,認購售權證
71156P,S6元大,WW,認購售權證
711570,RL富邦,WW,認購售權證
711571,群益TV,WW,認購售權證
711572,群益TW,WW,認購售權證
711573,中信RE,WW,認購售權證
711574,中信RF,WW,認購售權證
711575,元大P9,WW,認購售權證
711576,元大Q1,WW,認購售權證
711577,元大Q2,WW,認購售權證
711578,元大Q3,WW,認購售權證
711579,元大Q4,WW,認購售權證
71157P,S7元大,WW,認購售權證
711580,元大Q5,WW,認購售權證
711581,元大Q6,WW,認購售權證
711582,元大Q7,WW,認購售權證
711583,元大Q8,WW,認購售權證
711584,元大Q9,WW,認購售權證
711585,元大R1,WW,認購售權證
711586,元大R2,WW,認購售權證
711587,元大R3,WW,認購售權證
711588,元大R4,WW,認購售權證
711589,元富ZM,WW,認購售權證
71158P,S8元大,WW,認購售權證
711590,元富ZN,WW,認購售權證
711591,元富ZP,WW,認購售權證
711592,日盛T5,WW,認購售權證
711593,SF永豐,WW,認購售權證
711594,SG永豐,WW,認購售權證
711595,SH永豐,WW,認購售權證
711596,SI永豐,WW,認購售權證
711597,兆豐TN,WW,認購售權證
711598,兆豐TP,WW,認購售權證
711599,兆豐TQ,WW,認購售權證
71159P,群益SP,WW,認購售權證
711600,兆豐TR,WW,認購售權證
711601,國泰UY,WW,認購售權證
711602,國泰UZ,WW,認購售權證
711603,康和PK,WW,認購售權證
711604,RN富邦,WW,認購售權證
711607,群益TX,WW,認購售權證
711608,群益TY,WW,認購售權證
711609,群益TZ,WW,認購售權證
71160P,S9元大,WW,認購售權證
711610,群益UA,WW,認購售權證
711611,群益UB,WW,認購售權證
711612,群益UC,WW,認購售權證
711613,群益UD,WW,認購售權證
711614,群益UE,WW,認購售權證
711615,群益UF,WW,認購售權證
711616,群益UG,WW,認購售權證
711617,群益UH,WW,認購售權證
711618,凱基W9,WW,認購售權證
711619,凱基X1,WW,認購售權證
71161P,T5元大,WW,認購售權證
711620,凱基X2,WW,認購售權證
711621,凱基X3,WW,認購售權證
711622,凱基X4,WW,認購售權證
711623,凱基X5,WW,認購售權證
711624,凱基X6,WW,認購售權證
711625,凱基X7,WW,認購售權證
711626,凱基X8,WW,認購售權證
711627,凱基X9,WW,認購售權證
711628,凱基Y5,WW,認購售權證
711629,凱基Y6,WW,認購售權證
71162P,T6元大,WW,認購售權證
711630,元大R5,WW,認購售權證
711631,元大R6,WW,認購售權證
711632,元大R8,WW,認購售權證
711633,元富ZR,WW,認購售權證
711634,日盛T6,WW,認購售權證
711635,日盛T7,WW,認購售權證
711636,日盛T8,WW,認購售權證
711637,日盛T9,WW,認購售權證
711638,日盛U1,WW,認購售權證
711639,SJ永豐,WW,認購售權證
71163P,T9元大,WW,認購售權證
711640,SK永豐,WW,認購售權證
711641,SL永豐,WW,認購售權證
711642,SM永豐,WW,認購售權證
711643,SN永豐,WW,認購售權證
711644,兆豐TS,WW,認購售權證
711645,康和PL,WW,認購售權證
711646,康和PM,WW,認購售權證
711647,統一PT,WW,認購售權證
711648,凱基Y7,WW,認購售權證
711649,凱基Y8,WW,認購售權證
71164P,元富YS,WW,認購售權證
711650,RP富邦,WW,認購售權證
711651,RQ富邦,WW,認購售權證
711652,RR富邦,WW,認購售權證
711653,群益UJ,WW,認購售權證
711654,群益UK,WW,認購售權證
711655,群益UL,WW,認購售權證
711656,元大R9,WW,認購售權證
711657,元大S2,WW,認購售權證
711658,元大S4,WW,認購售權證
711659,元大S5,WW,認購售權證
71165P,兆豐TA,WW,認購售權證
711660,元大S7,WW,認購售權證
711661,元富ZS,WW,認購售權證
711662,元富ZT,WW,認購售權證
711663,日盛U3,WW,認購售權證
711664,日盛U4,WW,認購售權證
711665,SP永豐,WW,認購售權證
711666,SQ永豐,WW,認購售權證
711667,SR永豐,WW,認購售權證
711668,SS永豐,WW,認購售權證
711669,兆豐TT,WW,認購售權證
71166P,U1元大,WW,認購售權證
711670,國票VC,WW,認購售權證
711671,康和PN,WW,認購售權證
711672,W7第一,WW,認購售權證
711673,統一PU,WW,認購售權證
711674,統一PV,WW,認購售權證
711675,凱基Y9,WW,認購售權證
711676,凱基Z1,WW,認購售權證
711677,凱基Z2,WW,認購售權證
711678,凱基Z3,WW,認購售權證
711679,凱基Z4,WW,認購售權證
71167P,U2元大,WW,認購售權證
711680,凱基Z6,WW,認購售權證
711681,RS富邦,WW,認購售權證
711682,RT富邦,WW,認購售權證
711683,群益UM,WW,認購售權證
711684,群益UN,WW,認購售權證
711685,群益UP,WW,認購售權證
711686,群益UQ,WW,認購售權證
711687,群益UR,WW,認購售權證
711688,元大S9,WW,認購售權證
711689,元大T3,WW,認購售權證
71168P,元富YU,WW,認購售權證
711690,元大T4,WW,認購售權證
711691,元大T5,WW,認購售權證
711692,元大T6,WW,認購售權證
711693,元大T7,WW,認購售權證
711694,日盛U5,WW,認購售權證
711695,日盛U6,WW,認購售權證
711696,日盛U7,WW,認購售權證
711697,ST永豐,WW,認購售權證
711698,SU永豐,WW,認購售權證
711699,SV永豐,WW,認購售權證
71169P,RF永豐,WW,認購售權證
711700,兆豐TU,WW,認購售權證
711701,兆豐TV,WW,認購售權證
711702,亞東RZ,WW,認購售權證
711703,康和PP,WW,認購售權證
711704,康和PQ,WW,認購售權證
711705,統一PW,WW,認購售權證
711706,PA凱基,WW,認購售權證
711707,PB凱基,WW,認購售權證
711708,凱基Z7,WW,認購售權證
711709,凱基Z8,WW,認購售權證
71170P,國票UX,WW,認購售權證
711710,凱基Z9,WW,認購售權證
711711,RU富邦,WW,認購售權證
711712,RV富邦,WW,認購售權證
711713,RW富邦,WW,認購售權證
711714,群益US,WW,認購售權證
711715,群益UT,WW,認購售權證
711716,群益UU,WW,認購售權證
711717,群益UV,WW,認購售權證
711718,元富ZV,WW,認購售權證
711719,元富ZW,WW,認購售權證
71171P,U8元大,WW,認購售權證
711720,日盛U8,WW,認購售權證
711721,SW永豐,WW,認購售權證
711722,SX永豐,WW,認購售權證
711723,SY永豐,WW,認購售權證
711724,SZ永豐,WW,認購售權證
711725,兆豐TW,WW,認購售權證
711726,兆豐TX,WW,認購售權證
711727,兆豐TY,WW,認購售權證
711728,兆豐TZ,WW,認購售權證
711729,亞東SA,WW,認購售權證
71172P,元富YV,WW,認購售權證
711730,W8第一,WW,認購售權證
711731,PE凱基,WW,認購售權證
711732,PF凱基,WW,認購售權證
711733,PG凱基,WW,認購售權證
711734,RX富邦,WW,認購售權證
711736,群益UX,WW,認購售權證
711737,群益UY,WW,認購售權證
711738,元大T9,WW,認購售權證
711739,元大U1,WW,認購售權證
71173P,國泰UR,WW,認購售權證
711740,元大U2,WW,認購售權證
711741,元大U3,WW,認購售權證
711742,元大U4,WW,認購售權證
711743,元富ZY,WW,認購售權證
711744,元富ZZ,WW,認購售權證
711745,日盛U9,WW,認購售權證
711746,日盛V2,WW,認購售權證
711747,TB永豐,WW,認購售權證
711748,TC永豐,WW,認購售權證
711749,TD永豐,WW,認購售權證
71174P,V5元大,WW,認購售權證
711750,兆豐UA,WW,認購售權證
711751,兆豐UB,WW,認購售權證
711752,兆豐UC,WW,認購售權證
711753,康和PR,WW,認購售權證
711754,康和PS,WW,認購售權證
711755,康和PT,WW,認購售權證
711756,W9第一,WW,認購售權證
711757,統一PY,WW,認購售權證
711758,統一PZ,WW,認購售權證
711759,PH凱基,WW,認購售權證
71175P,V8元大,WW,認購售權證
711760,PJ凱基,WW,認購售權證
71176P,中信RC,WW,認購售權證
71177P,W3元大,WW,認購售權證
71178P,元富YZ,WW,認購售權證
71179P,元富ZA,WW,認購售權證
71180P,工銀U4,WW,認購售權證
71181P,兆豐TE,WW,認購售權證
71182P,亞東RY,WW,認購售權證
71183P,群益TJ,WW,認購售權證
71184P,凱基V9,WW,認購售權證
71185P,RG富邦,WW,認購售權證
71186P,群益TU,WW,認購售權證
71187P,日盛T3,WW,認購售權證
71188P,RM富邦,WW,認購售權證
71189P,元大P7,WW,認購售權證
71190P,元大P8,WW,認購售權證
71191P,元富ZQ,WW,認購售權證
71192P,凱基Y1,WW,認購售權證
71193P,凱基Y2,WW,認購售權證
71194P,凱基Y3,WW,認購售權證
71195P,凱基Y4,WW,認購售權證
71196P,元大S8,WW,認購售權證
71197P,元富ZU,WW,認購售權證
71198P,凱基Z5,WW,認購售權證
71199P,PC凱基,WW,認購售權證
71200P,群益UW,WW,認購售權證
71201P,元大T8,WW,認購售權證
71202P,元富ZX,WW,認購售權證
71203P,TA永豐,WW,認購售權證
71204P,統一PX,WW,認購售權證
71205P,PD凱基,WW,認購售權證
71206P,群益UZ,WW,認購售權證
71208P,群益VA,WW,認購售權證
8024,佑華,24,半導體業
8032,光菱,29,電子通路業
8034,榮群,27,通信網路業
8038,長園科,28,電子零組件業
8040,九暘,24,半導體業
8042,金山電,28,電子零組件業
8043,蜜望實,28,電子零組件業
8044,網家,30,資訊服務業
8047,星雲,31,其他電子業
8048,德勝,27,通信網路業
8049,晶采,26,光電業
8050,廣積,25,電腦及週邊設備業
8053,巨擘,26,光電業
8054,安國,24,半導體業
8059,凱碩,27,通信網路業
8064,東捷,26,光電業
8066,來思達,18,貿易百貨
8067,志旭,29,電子通路業
8068,全達,29,電子通路業
8069,元太,26,光電業
8071,能率豐,26,光電業
8074,鉅橡,28,電子零組件業
8076,伍豐,25,電腦及週邊設備業
8077,冠華,26,光電業
8079,誠遠,24,半導體業
8080,奧斯特,28,電子零組件業
8082,眾星,27,通信網路業
8083,瑞穎,05,電機機械
8084,巨虹,29,電子通路業
8085,福華,31,其他電子業
8086,宏捷科,24,半導體業
8087,華鎂鑫,26,光電業
8088,品安,24,半導體業
8091,翔名,28,電子零組件業
8092,建暐,31,其他電子業
8093,保銳,28,電子零組件業
8096,擎亞,29,電子通路業
8097,常珵,27,通信網路業
8099,大世科,30,資訊服務業
8107,大億科,26,光電業
8109,博大,28,電子零組件業
8111,立碁,26,光電業
8121,越峰,28,電子零組件業
8147,正淩,28,電子零組件業
8155,博智,28,電子零組件業
8171,天宇,27,通信網路業
8176,智捷,27,通信網路業
8182,加高,28,電子零組件業
8183,精星,31,其他電子業
8234,新漢,25,電腦及週邊設備業
8240,華宏,26,光電業
8255,朋程,05,電機機械
8266,中日新,26,光電業
8277,商丞,24,半導體業
8287,英格爾,28,電子零組件業
8289,泰藝,28,電子零組件業
8291,尚茂,28,電子零組件業
8299,群聯,25,電腦及週邊設備業
8349,友信,10,鋼鐵工業
8354,冠好,03,塑膠工業
8358,金居,28,電子零組件業
8383,千附,31,其他電子業
8390,金益鼎,20,其他
8401,白紗科,20,其他
8403,盛弘,22,生技醫療業
8406,F-金可,22,生技醫療業
8409,商之器,22,生技醫療業
8410,森田,25,電腦及週邊設備業
8416,實威,30,資訊服務業
8418,F-必勝,20,其他
8421,旭源,20,其他
8423,F-保綠,20,其他
8424,惠普,14,建材營造
8426,F-紅木,20,其他
8432,東生華,22,生技醫療業
8433,弘帆,18,貿易百貨
8435,鉅邁,20,其他
8436,大江,22,生技醫療業
8446,華研,32,文化創意業
8905,裕國,20,其他
8906,花王,20,其他
8908,欣雄,23,油電燃氣業
8913,全銓,20,其他
8916,光隆,20,其他
8917,欣泰,23,油電燃氣業
8921,沈氏,20,其他
8923,時報,32,文化創意業
8924,大田,20,其他
8925,偉盟,20,其他
8927,北基,23,油電燃氣業
8928,鉅明,20,其他
8929,富堡,20,其他
8930,青鋼,10,鋼鐵工業
8931,大汽電,23,油電燃氣業
8932,宏大,20,其他
8933,愛地雅,20,其他
8934,衡平,20,其他
8935,邦泰,20,其他
8936,國統,20,其他
8937,合騏,20,其他
8938,明安,20,其他
8941,關中,18,貿易百貨
8942,森鉅,20,其他
911613,特藝,TD,台灣存託憑證(TDR)
9949,琉園,32,文化創意業
9950,萬國通,03,塑膠工業
9951,皇田,05,電機機械
9960,邁達康,18,貿易百貨
9962,有益,10,鋼鐵工業
